,urban,gender,age,hand,voted,married,familysize,points,result
0,0,1,28,1,2,1,1,68,complotist
1,2,2,14,1,2,1,1,65,complotist
2,2,2,26,1,1,1,2,37,Not complotist
3,1,1,25,1,1,1,3,55,complotist
4,2,1,37,1,2,2,2,59,complotist
5,1,1,34,1,1,2,2,15,Not complotist
6,2,1,17,1,2,1,2,46,complotist
7,1,1,23,1,2,1,3,66,complotist
8,3,1,17,1,2,1,2,15,Not complotist
9,3,1,28,1,1,2,3,27,Not complotist
10,2,3,20,1,1,1,2,56,complotist
11,1,1,40,2,2,3,3,57,complotist
12,2,1,32,1,2,1,3,57,complotist
13,2,2,41,1,2,2,3,70,complotist
14,3,2,14,1,2,1,2,71,complotist
15,3,1,16,1,2,1,2,61,complotist
16,3,1,35,1,2,1,3,42,complotist
17,2,1,18,1,2,1,3,19,Not complotist
18,3,2,46,3,2,1,2,26,Not complotist
19,1,1,44,1,2,2,5,49,complotist
20,2,2,17,1,2,1,6,20,Not complotist
21,2,2,18,1,2,1,3,45,complotist
22,2,1,45,1,1,2,3,47,complotist
23,1,2,41,1,2,1,2,72,complotist
24,2,1,51,2,2,2,3,75,complotist
25,3,1,26,1,1,1,2,19,Not complotist
26,2,3,23,1,1,1,2,31,Not complotist
27,1,3,26,1,2,1,1,29,Not complotist
28,2,1,18,1,2,1,3,36,Not complotist
29,1,1,22,1,2,1,4,59,complotist
30,2,1,14,1,2,1,6,44,complotist
31,1,2,34,1,2,1,3,58,complotist
32,2,2,23,1,2,1,2,55,complotist
33,2,2,24,1,1,1,4,43,complotist
34,2,2,22,1,2,1,6,38,Not complotist
35,3,2,63,1,2,3,3,75,complotist
36,3,2,19,1,2,1,5,66,complotist
37,2,1,19,1,1,1,1,36,Not complotist
38,2,1,22,1,2,1,2,46,complotist
39,3,2,62,1,1,1,2,40,complotist
40,3,2,19,1,2,1,1,54,complotist
41,1,2,34,1,2,2,2,30,Not complotist
42,3,2,20,1,1,1,2,64,complotist
43,1,1,35,1,1,1,2,27,Not complotist
44,2,2,16,3,2,1,15,54,complotist
45,3,1,28,1,2,1,1,22,Not complotist
46,2,2,16,1,2,1,2,43,complotist
47,2,2,17,1,2,1,4,49,complotist
48,3,2,41,1,1,2,4,34,Not complotist
49,3,2,19,1,1,1,3,33,Not complotist
50,3,1,19,1,2,1,2,40,complotist
51,1,1,21,1,2,1,2,55,complotist
52,2,1,18,1,2,1,3,56,complotist
53,1,2,29,1,2,1,3,26,Not complotist
54,3,2,51,1,2,3,1,38,Not complotist
55,3,1,28,1,2,1,3,27,Not complotist
56,3,2,19,1,2,1,2,29,Not complotist
57,3,1,25,1,1,1,1,45,complotist
58,3,2,18,1,2,1,2,45,complotist
59,3,1,26,1,2,1,2,46,complotist
60,2,1,39,1,2,1,2,35,Not complotist
61,3,1,19,1,2,1,0,20,Not complotist
62,1,1,21,1,2,1,2,65,complotist
63,3,1,35,1,2,2,3,74,complotist
64,1,2,24,2,2,1,2,34,Not complotist
65,1,1,28,1,2,1,4,26,Not complotist
66,2,1,28,1,2,1,2,54,complotist
67,2,1,23,2,2,1,2,26,Not complotist
68,3,2,16,1,2,1,2,49,complotist
69,2,2,24,1,2,1,1,66,complotist
70,1,1,30,1,2,2,2,54,complotist
71,2,2,16,3,2,1,3,48,complotist
72,3,3,17,3,1,1,2,31,Not complotist
73,2,1,24,1,1,2,1,37,Not complotist
74,3,1,20,1,2,1,2,18,Not complotist
75,2,2,53,1,1,3,5,21,Not complotist
76,3,2,29,1,2,1,2,53,complotist
77,2,2,13,1,2,1,6,59,complotist
78,3,2,55,2,2,1,2,70,complotist
79,1,2,55,1,2,3,12,46,complotist
80,3,2,16,1,2,1,4,37,Not complotist
81,2,1,21,1,1,1,2,57,complotist
82,2,3,15,3,2,1,2,36,Not complotist
83,2,2,21,1,2,1,3,27,Not complotist
84,2,1,16,1,2,1,1,44,complotist
85,3,2,68,1,1,2,1,38,Not complotist
86,2,1,21,1,1,1,3,40,complotist
87,2,2,28,1,1,2,4,43,complotist
88,2,1,42,1,2,1,4,26,Not complotist
89,3,3,25,1,2,1,2,33,Not complotist
90,1,2,47,1,2,3,3,34,Not complotist
91,2,1,51,2,2,2,4,38,Not complotist
92,2,1,18,1,2,1,3,15,Not complotist
93,2,2,19,1,2,1,3,37,Not complotist
94,3,2,73,1,2,3,1,21,Not complotist
95,2,1,23,1,1,1,4,19,Not complotist
96,1,2,27,1,1,1,2,47,complotist
97,1,1,42,1,2,3,2,50,complotist
98,2,1,17,1,2,1,3,36,Not complotist
99,3,1,21,1,1,1,4,52,complotist
100,3,1,37,1,1,1,3,27,Not complotist
101,2,2,20,1,2,1,2,25,Not complotist
102,3,2,18,1,2,1,2,62,complotist
103,1,2,74,1,2,3,7,40,complotist
104,3,1,46,2,2,1,3,33,Not complotist
105,3,1,52,1,2,2,2,18,Not complotist
106,2,2,15,1,2,1,6,51,complotist
107,3,2,18,1,2,1,2,40,complotist
108,2,1,40,1,2,2,3,50,complotist
109,3,2,29,1,2,2,4,54,complotist
110,3,1,17,1,2,1,3,43,complotist
111,2,2,21,3,2,1,3,22,Not complotist
112,2,1,18,1,2,1,4,53,complotist
113,2,1,22,1,2,1,3,62,complotist
114,2,2,35,1,2,1,2,27,Not complotist
115,1,1,75,3,2,2,1,29,Not complotist
116,0,2,30,1,1,1,1,54,complotist
117,2,2,14,1,2,1,4,49,complotist
118,3,2,15,1,2,1,2,40,complotist
119,2,1,41,1,2,1,2,63,complotist
120,3,1,23,1,1,1,2,23,Not complotist
121,3,1,26,1,1,1,3,51,complotist
122,2,2,13,1,2,1,2,58,complotist
123,1,3,32,1,0,1,3,50,complotist
124,3,1,25,1,2,1,1,64,complotist
125,1,2,15,1,2,1,1,24,Not complotist
126,3,2,57,1,1,1,3,60,complotist
127,2,2,18,1,2,1,3,59,complotist
128,2,2,30,1,2,2,1,42,complotist
129,3,1,29,2,2,1,1,32,Not complotist
130,2,1,15,1,2,1,2,50,complotist
131,2,2,23,1,1,1,2,27,Not complotist
132,1,1,38,1,1,3,2,54,complotist
133,2,1,19,1,2,1,3,70,complotist
134,1,1,19,1,1,1,2,19,Not complotist
135,3,1,17,2,1,1,1,25,Not complotist
136,2,2,21,1,2,1,2,30,Not complotist
137,1,1,18,1,2,1,2,35,Not complotist
138,3,1,29,1,1,1,2,39,Not complotist
139,3,1,24,1,2,1,2,41,complotist
140,2,2,36,1,2,2,2,27,Not complotist
141,1,2,41,1,0,2,1,68,complotist
142,2,2,23,1,2,3,0,66,complotist
143,3,2,29,1,2,1,2,24,Not complotist
144,2,2,26,1,1,1,3,47,complotist
145,2,2,36,2,2,3,3,54,complotist
146,1,1,54,2,1,3,5,15,Not complotist
147,2,3,46,2,2,1,3,44,complotist
148,3,2,51,1,0,2,2,50,complotist
149,2,2,26,1,2,1,1,47,complotist
150,3,2,19,1,2,1,3,45,complotist
151,3,1,29,1,1,1,2,27,Not complotist
152,3,1,22,1,1,1,2,36,Not complotist
153,3,2,22,1,1,1,4,14,Not complotist
154,0,1,53,1,1,3,3,61,complotist
155,2,2,19,1,1,1,2,45,complotist
156,2,1,39,1,1,1,3,55,complotist
157,1,2,42,1,1,1,2,34,Not complotist
158,3,1,43,1,2,1,3,41,complotist
159,1,2,24,1,2,1,7,22,Not complotist
160,2,1,27,1,1,1,2,46,complotist
161,2,1,21,1,2,1,1,47,complotist
162,3,2,35,1,1,1,2,50,complotist
163,3,1,60,1,2,1,2,43,complotist
164,2,1,32,1,2,2,3,47,complotist
165,2,1,17,1,2,1,2,35,Not complotist
166,3,1,31,1,1,2,0,53,complotist
167,2,1,30,1,2,1,2,51,complotist
168,2,1,45,1,2,1,2,59,complotist
169,1,2,35,1,2,1,4,50,complotist
170,2,2,18,1,1,1,1,45,complotist
171,3,2,16,1,2,1,1,41,complotist
172,3,1,50,1,1,2,2,41,complotist
173,2,2,45,2,2,1,2,39,Not complotist
174,3,2,43,1,2,2,4,34,Not complotist
175,2,1,23,1,2,1,2,44,complotist
176,2,2,46,2,1,3,3,73,complotist
177,2,1,42,1,2,2,5,36,Not complotist
178,2,1,27,1,1,1,2,27,Not complotist
179,2,2,26,3,2,2,3,70,complotist
180,2,1,57,1,1,2,2,25,Not complotist
181,1,1,21,1,1,1,2,44,complotist
182,2,2,16,1,2,1,2,19,Not complotist
183,3,2,14,1,2,1,2,55,complotist
184,3,1,38,1,2,2,2,25,Not complotist
185,3,2,20,1,2,1,1,50,complotist
186,3,1,36,1,1,1,2,41,complotist
187,1,2,25,2,2,2,3,45,complotist
188,3,1,21,2,2,1,2,20,Not complotist
189,2,2,42,1,2,1,5,55,complotist
190,3,1,48,1,1,2,2,40,complotist
191,2,1,19,1,1,1,1,29,Not complotist
192,2,1,38,1,2,2,1,31,Not complotist
193,2,2,15,1,2,1,2,40,complotist
194,1,3,21,1,1,1,3,32,Not complotist
195,2,1,13,1,2,1,2,39,Not complotist
196,2,1,45,1,1,2,3,46,complotist
197,3,1,23,1,2,1,4,41,complotist
198,2,2,15,1,2,1,3,35,Not complotist
199,2,2,15,1,2,1,3,24,Not complotist
200,3,2,33,1,1,1,3,56,complotist
201,3,1,21,1,2,1,2,31,Not complotist
202,1,1,36,1,1,1,3,34,Not complotist
203,2,1,13,3,2,1,2,18,Not complotist
204,3,2,18,2,1,1,2,40,complotist
205,2,1,15,1,2,1,2,28,Not complotist
206,2,2,19,1,1,1,3,51,complotist
207,1,1,18,1,2,1,1,21,Not complotist
208,3,2,39,1,1,2,1,46,complotist
209,2,1,23,1,2,1,2,43,complotist
210,2,2,19,1,2,1,3,25,Not complotist
211,2,2,39,1,2,3,4,35,Not complotist
212,3,2,13,1,2,1,2,39,Not complotist
213,3,1,21,1,1,1,2,48,complotist
214,1,1,28,1,2,1,2,20,Not complotist
215,3,1,63,1,2,2,3,37,Not complotist
216,1,2,17,2,2,1,5,40,complotist
217,1,1,25,1,2,1,3,70,complotist
218,2,1,55,1,1,3,4,75,complotist
219,2,1,38,1,1,2,2,31,Not complotist
220,3,3,15,1,2,1,2,44,complotist
221,3,1,33,1,2,1,2,63,complotist
222,3,1,18,1,2,1,2,59,complotist
223,2,1,24,1,2,1,3,66,complotist
224,3,1,25,1,2,1,3,53,complotist
225,2,2,32,1,2,2,2,21,Not complotist
226,1,2,38,1,2,2,6,57,complotist
227,3,1,26,2,1,1,2,35,Not complotist
228,2,1,15,1,2,1,2,36,Not complotist
229,1,1,16,1,2,1,4,47,complotist
230,1,2,20,1,2,1,3,61,complotist
231,2,1,17,1,2,1,1,43,complotist
232,2,2,13,1,2,1,3,20,Not complotist
233,3,0,57,1,2,3,4,33,Not complotist
234,2,3,25,1,1,1,3,44,complotist
235,2,1,23,1,2,1,1,46,complotist
236,3,2,20,1,2,1,2,64,complotist
237,2,2,48,1,1,2,4,42,complotist
238,1,2,16,1,2,1,1,24,Not complotist
239,3,2,18,1,2,1,2,60,complotist
240,2,2,17,1,2,1,2,27,Not complotist
241,3,1,22,2,1,1,2,55,complotist
242,2,1,32,1,2,1,6,33,Not complotist
243,3,2,18,1,1,1,1,61,complotist
244,2,2,16,3,2,1,3,63,complotist
245,1,1,18,2,2,1,2,55,complotist
246,3,3,13,1,2,1,0,59,complotist
247,3,1,48,1,2,1,3,15,Not complotist
248,2,3,17,1,2,1,4,38,Not complotist
249,2,2,36,1,0,1,4,23,Not complotist
250,2,1,26,2,2,1,2,41,complotist
251,1,2,16,2,2,1,5,53,complotist
252,3,1,62,1,1,2,1,20,Not complotist
253,3,1,34,1,1,2,2,75,complotist
254,3,1,59,1,1,3,3,43,complotist
255,1,3,15,3,2,1,2,39,Not complotist
256,2,3,16,2,2,1,2,62,complotist
257,2,2,23,1,1,1,2,30,Not complotist
258,3,1,30,1,1,1,2,18,Not complotist
259,2,1,28,1,2,1,4,33,Not complotist
260,3,3,40,2,1,2,5,69,complotist
261,3,2,21,1,2,1,4,60,complotist
262,3,2,34,1,2,2,2,43,complotist
263,2,3,18,1,2,1,1,46,complotist
264,3,2,56,1,2,1,4,63,complotist
265,1,1,58,1,1,2,5,55,complotist
266,3,1,15,1,2,1,3,41,complotist
267,3,2,26,1,2,1,2,33,Not complotist
268,1,3,15,1,2,1,0,41,complotist
269,2,1,36,1,1,2,2,32,Not complotist
270,2,2,19,2,2,1,2,34,Not complotist
271,2,2,20,1,2,1,2,59,complotist
272,2,2,18,1,2,1,1,56,complotist
273,2,2,52,1,2,2,4,26,Not complotist
274,2,1,13,1,2,1,1,49,complotist
275,2,3,21,2,1,1,0,41,complotist
276,2,2,26,1,2,1,3,42,complotist
277,2,1,20,1,2,1,4,17,Not complotist
278,2,1,19,1,2,1,3,38,Not complotist
279,2,2,18,1,2,1,1,34,Not complotist
280,2,1,22,1,1,1,2,27,Not complotist
281,2,2,15,1,2,1,2,17,Not complotist
282,1,2,36,1,1,1,5,59,complotist
283,3,1,19,1,2,1,3,32,Not complotist
284,2,1,33,2,1,1,2,58,complotist
285,2,1,67,1,1,2,3,26,Not complotist
286,3,1,18,1,2,1,3,63,complotist
287,2,1,25,1,2,1,2,56,complotist
288,2,2,20,1,2,1,2,60,complotist
289,2,1,43,1,2,3,2,53,complotist
290,2,1,37,1,2,2,2,62,complotist
291,2,2,28,1,2,1,3,43,complotist
292,3,1,38,1,2,2,2,64,complotist
293,2,1,33,1,2,1,2,37,Not complotist
294,2,2,40,3,2,3,5,69,complotist
295,2,1,43,1,2,2,2,32,Not complotist
296,1,1,19,1,0,1,4,26,Not complotist
297,2,1,46,1,1,2,2,23,Not complotist
298,1,2,19,1,1,1,2,21,Not complotist
299,3,1,49,1,2,1,1,39,Not complotist
300,1,1,38,1,1,3,1,49,complotist
301,3,1,65,1,2,2,2,53,complotist
302,3,1,26,1,1,1,1,42,complotist
303,3,1,36,1,1,1,1,56,complotist
304,2,1,20,1,2,1,2,22,Not complotist
305,2,1,32,1,1,2,3,38,Not complotist
306,3,1,22,2,1,1,2,55,complotist
307,3,1,24,1,2,1,2,43,complotist
308,2,2,42,1,2,3,7,29,Not complotist
309,2,1,17,1,1,1,3,15,Not complotist
310,2,1,42,1,2,3,2,31,Not complotist
311,3,1,30,2,2,1,3,50,complotist
312,3,2,15,1,2,1,4,54,complotist
313,3,1,58,1,1,2,5,51,complotist
314,3,1,31,1,1,1,2,52,complotist
315,3,1,29,1,2,1,2,39,Not complotist
316,3,1,26,1,2,1,3,26,Not complotist
317,1,3,18,1,1,1,2,50,complotist
318,2,1,19,1,2,1,4,41,complotist
319,2,1,16,1,2,1,2,45,complotist
320,2,1,17,1,2,1,3,58,complotist
321,3,2,16,1,2,1,2,52,complotist
322,3,2,13,1,2,1,3,43,complotist
323,1,1,21,2,1,1,1,33,Not complotist
324,3,2,16,1,2,1,3,55,complotist
325,2,1,31,1,1,2,2,31,Not complotist
326,3,2,26,1,2,1,2,46,complotist
327,3,2,50,1,1,1,4,31,Not complotist
328,3,2,62,2,2,3,5,73,complotist
329,2,1,21,3,1,1,2,28,Not complotist
330,2,1,18,1,2,1,4,42,complotist
331,1,1,19,1,1,1,2,28,Not complotist
332,2,1,26,1,1,1,3,28,Not complotist
333,2,1,50,1,2,1,2,38,Not complotist
334,3,1,19,1,2,1,3,22,Not complotist
335,2,2,29,1,1,2,1,42,complotist
336,3,1,23,1,1,1,3,54,complotist
337,1,1,70,1,2,2,2,40,complotist
338,2,1,16,1,2,1,3,48,complotist
339,2,1,21,1,2,1,3,46,complotist
340,2,1,18,1,2,1,3,49,complotist
341,3,2,15,1,2,1,2,49,complotist
342,2,1,13,1,1,1,1,35,Not complotist
343,3,2,17,1,2,1,2,56,complotist
344,3,3,17,1,2,1,2,64,complotist
345,3,1,17,3,2,1,0,22,Not complotist
346,3,2,30,1,2,3,3,38,Not complotist
347,3,2,14,1,2,1,2,27,Not complotist
348,3,2,24,1,2,1,1,53,complotist
349,2,2,25,2,1,2,3,31,Not complotist
350,1,2,15,1,2,1,2,60,complotist
351,3,2,19,1,2,1,3,69,complotist
352,3,1,16,2,2,1,2,22,Not complotist
353,2,1,21,1,1,1,2,33,Not complotist
354,1,2,22,1,1,1,2,51,complotist
355,0,1,43,1,2,2,2,64,complotist
356,3,1,58,1,1,2,6,37,Not complotist
357,2,2,15,1,2,1,2,41,complotist
358,2,2,17,1,2,1,2,21,Not complotist
359,2,2,15,2,2,1,2,15,Not complotist
360,1,2,17,1,2,1,2,28,Not complotist
361,1,1,18,1,2,1,2,60,complotist
362,2,1,21,2,2,1,2,36,Not complotist
363,2,1,15,1,2,1,2,38,Not complotist
364,2,1,15,1,2,1,2,53,complotist
365,2,2,26,2,1,1,2,36,Not complotist
366,2,2,15,1,2,1,5,41,complotist
367,3,1,19,1,2,1,2,22,Not complotist
368,2,2,15,1,2,1,2,48,complotist
369,1,1,17,1,2,1,2,46,complotist
370,3,1,21,1,1,1,2,48,complotist
371,3,2,15,1,2,1,3,35,Not complotist
372,3,2,15,1,2,1,3,42,complotist
373,2,2,18,2,2,1,3,44,complotist
374,2,1,47,1,1,3,4,53,complotist
375,2,2,17,1,2,1,2,43,complotist
376,3,1,65,1,2,2,4,15,Not complotist
377,1,1,55,2,1,2,4,29,Not complotist
378,2,2,14,1,2,1,4,65,complotist
379,1,2,16,1,2,1,1,39,Not complotist
380,2,2,29,1,1,1,3,53,complotist
381,3,3,22,1,1,1,3,19,Not complotist
382,0,2,24,2,2,1,1,37,Not complotist
383,1,1,16,1,2,1,1,65,complotist
384,2,2,20,1,2,1,1,43,complotist
385,2,1,16,3,2,1,5,49,complotist
386,2,1,46,1,1,2,4,17,Not complotist
387,1,1,20,1,2,2,2,42,complotist
388,1,2,20,1,2,1,2,46,complotist
389,2,1,29,1,2,1,2,63,complotist
390,3,1,20,1,2,1,1,58,complotist
391,3,2,27,1,1,1,1,52,complotist
392,2,1,23,1,1,1,2,43,complotist
393,2,2,18,1,1,1,2,52,complotist
394,3,1,35,1,2,1,2,33,Not complotist
395,0,1,49,1,2,1,3,48,complotist
396,2,1,31,1,2,1,2,45,complotist
397,2,3,16,1,2,1,2,55,complotist
398,1,2,20,1,2,1,2,54,complotist
399,2,1,19,1,2,1,1,19,Not complotist
400,2,1,26,1,1,1,2,39,Not complotist
401,2,2,17,1,2,1,2,57,complotist
402,3,1,68,1,2,2,3,56,complotist
403,1,1,22,1,1,1,1,21,Not complotist
404,2,2,19,1,2,1,3,44,complotist
405,1,2,47,2,2,2,3,44,complotist
406,1,1,35,1,1,2,3,49,complotist
407,2,1,19,1,2,1,3,49,complotist
408,2,1,17,1,2,1,2,28,Not complotist
409,3,3,25,2,2,1,4,56,complotist
410,3,3,17,2,2,1,1,66,complotist
411,2,1,35,1,2,1,4,25,Not complotist
412,3,2,28,1,1,2,2,21,Not complotist
413,1,1,36,1,1,2,4,35,Not complotist
414,3,1,42,1,1,2,2,47,complotist
415,2,2,25,1,2,1,2,55,complotist
416,3,1,23,1,1,1,2,46,complotist
417,2,2,57,2,2,3,5,19,Not complotist
418,2,1,21,2,1,1,1,47,complotist
419,2,1,18,1,2,1,2,19,Not complotist
420,2,2,23,1,2,1,3,48,complotist
421,2,1,42,1,2,2,1,61,complotist
422,3,1,32,2,2,2,2,73,complotist
423,2,1,47,1,2,2,2,69,complotist
424,3,1,24,1,2,1,2,57,complotist
425,1,1,18,1,2,1,2,46,complotist
426,3,1,75,2,1,2,2,21,Not complotist
427,2,2,20,1,2,1,2,44,complotist
428,2,2,17,1,2,1,7,27,Not complotist
429,3,2,16,1,2,1,3,35,Not complotist
430,2,2,25,1,1,1,2,37,Not complotist
431,1,2,17,1,2,1,1,37,Not complotist
432,1,2,15,1,2,1,3,32,Not complotist
433,2,3,28,3,1,2,98,39,Not complotist
434,2,3,16,1,2,1,3,47,complotist
435,2,2,24,1,2,1,2,26,Not complotist
436,3,2,45,1,2,1,2,69,complotist
437,0,1,33,1,1,2,3,73,complotist
438,3,2,14,1,2,1,2,31,Not complotist
439,2,1,33,1,1,1,2,62,complotist
440,3,1,39,1,1,3,2,53,complotist
441,1,2,16,1,2,1,2,45,complotist
442,2,2,35,3,2,2,2,32,Not complotist
443,2,2,32,1,1,1,6,51,complotist
444,1,2,17,1,2,1,1,21,Not complotist
445,1,2,18,1,2,1,2,15,Not complotist
446,2,1,18,1,2,1,2,45,complotist
447,2,1,55,1,1,1,2,45,complotist
448,0,1,39,0,0,0,0,19,Not complotist
449,3,1,14,1,2,1,2,43,complotist
450,1,2,19,1,2,1,3,59,complotist
451,1,1,19,1,2,1,1,43,complotist
452,2,2,16,1,2,1,2,41,complotist
453,3,2,15,1,2,1,2,22,Not complotist
454,3,2,17,1,2,1,2,45,complotist
455,3,1,23,1,1,1,2,56,complotist
456,1,2,58,1,2,2,4,71,complotist
457,2,2,15,1,2,1,2,41,complotist
458,3,2,16,1,2,1,5,67,complotist
459,2,2,19,1,2,1,2,35,Not complotist
460,2,2,16,1,2,1,2,43,complotist
461,2,1,14,1,2,1,1,39,Not complotist
462,0,2,15,1,2,1,1,38,Not complotist
463,3,2,15,1,2,1,3,37,Not complotist
464,3,2,46,1,2,2,2,33,Not complotist
465,2,2,19,1,2,1,2,59,complotist
466,3,2,14,1,2,1,2,21,Not complotist
467,2,2,50,1,2,2,4,43,complotist
468,2,2,18,1,2,1,1,29,Not complotist
469,1,1,20,1,1,1,3,52,complotist
470,0,2,42,1,1,1,1,69,complotist
471,2,2,19,1,2,1,3,53,complotist
472,2,1,20,1,1,1,2,18,Not complotist
473,2,2,22,1,2,1,2,48,complotist
474,2,1,25,1,1,1,4,39,Not complotist
475,3,1,18,2,2,1,4,49,complotist
476,2,2,13,1,2,1,2,41,complotist
477,2,1,15,1,2,1,5,75,complotist
478,0,1,34,1,1,2,2,49,complotist
479,2,1,20,1,1,1,3,38,Not complotist
480,2,2,19,1,1,1,2,40,complotist
481,2,1,42,1,2,1,1,68,complotist
482,2,3,42,1,2,1,2,42,complotist
483,3,2,17,1,2,1,2,53,complotist
484,3,2,25,1,1,1,3,46,complotist
485,2,1,21,1,2,1,2,22,Not complotist
486,2,1,66,1,2,2,1,57,complotist
487,3,1,19,1,2,1,3,55,complotist
488,2,2,14,1,2,1,2,30,Not complotist
489,2,1,56,1,2,3,2,37,Not complotist
490,2,2,15,1,2,1,3,34,Not complotist
491,3,1,19,1,2,1,2,59,complotist
492,3,3,19,2,2,1,3,50,complotist
493,3,2,27,1,1,2,2,50,complotist
494,3,3,21,1,2,1,2,46,complotist
495,1,2,34,1,1,2,1,28,Not complotist
496,2,2,14,1,2,1,2,69,complotist
497,2,1,38,1,2,1,3,16,Not complotist
498,3,2,27,1,2,3,2,45,complotist
499,2,1,45,1,1,3,2,51,complotist
500,2,1,33,1,2,1,3,28,Not complotist
501,2,2,18,1,2,1,2,37,Not complotist
502,2,1,16,1,2,1,2,40,complotist
503,2,2,16,1,2,1,2,61,complotist
504,1,1,25,1,1,3,3,39,Not complotist
505,1,2,21,1,2,1,2,55,complotist
506,2,1,19,1,1,1,3,28,Not complotist
507,3,2,15,1,2,1,1,53,complotist
508,2,1,51,1,2,1,2,26,Not complotist
509,3,1,42,1,2,1,2,42,complotist
510,3,2,20,1,2,1,2,31,Not complotist
511,2,1,17,1,2,1,4,36,Not complotist
512,2,2,19,1,2,1,1,75,complotist
513,2,1,18,3,2,1,0,29,Not complotist
514,2,2,14,2,2,1,2,43,complotist
515,2,2,16,1,2,1,4,51,complotist
516,2,2,29,1,2,1,3,60,complotist
517,1,2,48,3,1,2,4,36,Not complotist
518,2,1,19,1,2,1,0,75,complotist
519,2,3,18,1,2,1,2,53,complotist
520,1,2,14,1,2,1,4,52,complotist
521,1,2,20,1,2,1,2,47,complotist
522,3,2,21,1,1,1,4,24,Not complotist
523,2,1,49,1,2,1,3,32,Not complotist
524,2,2,20,1,2,1,1,49,complotist
525,3,2,18,1,2,1,2,39,Not complotist
526,1,1,31,1,1,1,2,57,complotist
527,2,1,18,1,2,1,2,65,complotist
528,2,2,16,1,2,1,2,48,complotist
529,3,1,23,1,1,1,2,39,Not complotist
530,2,1,33,1,1,3,2,51,complotist
531,3,1,16,1,2,1,1,24,Not complotist
532,2,1,26,1,2,1,2,51,complotist
533,2,2,21,1,1,1,4,49,complotist
534,3,2,59,1,1,3,3,52,complotist
535,3,2,18,1,2,1,4,55,complotist
536,3,1,39,1,1,2,2,53,complotist
537,1,2,31,1,2,2,4,50,complotist
538,2,2,16,3,2,1,0,64,complotist
539,1,2,13,1,2,1,2,15,Not complotist
540,3,2,17,1,2,1,1,50,complotist
541,3,2,22,1,2,1,1,26,Not complotist
542,1,2,16,1,2,1,2,52,complotist
543,3,1,19,1,2,1,2,29,Not complotist
544,1,1,39,1,2,1,2,31,Not complotist
545,1,1,44,1,1,3,3,43,complotist
546,2,2,62,1,2,2,2,60,complotist
547,3,2,14,3,2,1,2,50,complotist
548,1,2,33,1,1,1,1,23,Not complotist
549,2,2,18,1,2,1,4,36,Not complotist
550,2,1,20,1,2,1,1,17,Not complotist
551,3,1,33,1,2,1,1,38,Not complotist
552,2,2,19,1,1,1,2,38,Not complotist
553,2,1,25,1,1,1,3,72,complotist
554,2,1,30,1,1,2,2,36,Not complotist
555,1,1,20,1,1,1,2,32,Not complotist
556,3,2,17,1,2,1,4,35,Not complotist
557,2,1,26,1,2,2,3,64,complotist
558,1,1,16,1,2,1,1,43,complotist
559,2,1,45,1,2,2,2,75,complotist
560,2,2,55,1,1,2,4,19,Not complotist
561,1,2,20,1,1,1,4,70,complotist
562,2,1,29,1,2,1,1,60,complotist
563,2,1,23,2,2,1,1,32,Not complotist
564,3,1,25,1,2,1,2,56,complotist
565,3,1,19,1,2,1,3,49,complotist
566,1,1,23,1,1,1,4,38,Not complotist
567,2,2,18,2,2,1,6,23,Not complotist
568,2,1,25,1,2,1,2,51,complotist
569,3,1,18,1,2,1,2,67,complotist
570,2,1,47,1,2,2,5,30,Not complotist
571,0,2,45,3,2,1,1,15,Not complotist
572,3,1,23,3,1,1,2,41,complotist
573,2,1,29,1,2,1,2,64,complotist
574,2,2,17,2,2,1,1,59,complotist
575,2,1,25,1,1,1,3,21,Not complotist
576,3,2,16,1,2,1,2,26,Not complotist
577,2,1,24,1,2,1,1,58,complotist
578,2,1,23,1,1,1,4,20,Not complotist
579,3,2,32,1,2,2,2,51,complotist
580,2,2,23,1,2,1,2,33,Not complotist
581,3,1,20,1,2,1,0,75,complotist
582,2,3,16,2,2,1,3,42,complotist
583,2,2,46,1,2,2,3,27,Not complotist
584,1,1,28,1,1,1,1,24,Not complotist
585,1,1,27,1,1,1,3,58,complotist
586,2,2,50,1,1,3,1,70,complotist
587,0,1,52,1,1,2,2,18,Not complotist
588,3,1,22,1,1,1,1,48,complotist
589,2,1,25,1,2,1,2,22,Not complotist
590,3,2,59,1,0,2,2,59,complotist
591,2,2,42,1,2,1,2,72,complotist
592,3,2,44,3,1,2,2,49,complotist
593,3,1,30,2,2,1,2,52,complotist
594,2,2,58,1,2,3,4,75,complotist
595,1,1,46,1,2,1,0,55,complotist
596,2,1,20,1,2,1,7,75,complotist
597,2,1,46,1,1,2,3,62,complotist
598,2,1,21,1,2,1,3,45,complotist
599,2,1,61,1,2,3,4,71,complotist
600,3,2,28,1,2,2,3,60,complotist
601,1,2,35,2,2,1,4,55,complotist
602,1,1,22,1,1,1,2,41,complotist
603,2,1,56,1,1,3,3,61,complotist
604,2,2,42,2,1,2,3,50,complotist
605,1,1,45,1,1,1,3,72,complotist
606,2,1,61,1,1,2,2,62,complotist
607,2,1,40,0,0,0,2,71,complotist
608,3,1,33,1,1,1,0,65,complotist
609,2,1,53,1,2,1,3,74,complotist
610,3,1,23,1,2,1,3,69,complotist
611,3,1,30,1,1,1,3,69,complotist
612,2,1,22,1,2,1,2,63,complotist
613,2,2,49,1,2,2,5,67,complotist
614,1,1,48,2,1,1,3,71,complotist
615,2,1,20,1,2,1,2,75,complotist
616,1,1,31,2,1,1,4,68,complotist
617,3,1,26,1,0,1,1,65,complotist
618,2,1,31,1,1,2,4,58,complotist
619,2,1,55,2,2,2,4,62,complotist
620,2,1,16,1,2,1,3,72,complotist
621,2,1,55,1,2,2,2,48,complotist
622,3,2,47,1,1,2,2,55,complotist
623,3,1,30,1,2,1,2,71,complotist
624,1,2,57,1,1,2,6,24,Not complotist
625,2,2,33,1,1,2,0,75,complotist
626,3,1,28,1,2,1,2,53,complotist
627,1,1,41,1,2,2,3,68,complotist
628,2,1,54,1,2,2,2,15,Not complotist
629,2,1,26,1,2,1,3,58,complotist
630,2,1,42,1,1,2,4,56,complotist
631,2,1,39,1,1,2,2,60,complotist
632,1,1,39,1,2,2,2,61,complotist
633,3,1,30,1,2,2,2,58,complotist
634,2,1,50,2,1,2,3,75,complotist
635,1,1,46,1,1,2,4,65,complotist
636,1,1,36,1,1,1,2,57,complotist
637,1,1,60,1,2,2,5,73,complotist
638,2,1,51,1,2,1,4,66,complotist
639,3,1,30,1,2,1,3,70,complotist
640,3,1,38,1,2,3,2,75,complotist
641,2,1,48,1,2,2,2,69,complotist
642,2,1,44,1,2,3,2,47,complotist
643,2,2,57,2,2,3,2,61,complotist
644,2,1,60,1,2,2,3,71,complotist
645,2,1,47,1,2,1,2,75,complotist
646,2,2,69,1,2,2,3,73,complotist
647,3,1,43,1,1,1,1,65,complotist
648,2,1,24,1,2,1,3,75,complotist
649,3,1,32,1,2,1,2,70,complotist
650,2,1,19,1,2,1,3,58,complotist
651,2,1,55,1,2,3,2,64,complotist
652,2,1,42,1,2,2,2,75,complotist
653,1,2,25,1,2,2,1,75,complotist
654,2,1,44,1,2,1,4,49,complotist
655,2,2,37,1,2,2,6,58,complotist
656,2,2,14,1,2,1,1,21,Not complotist
657,2,2,39,1,2,2,4,47,complotist
658,3,2,24,1,1,1,2,43,complotist
659,2,2,14,1,2,1,2,54,complotist
660,2,2,15,1,2,1,2,50,complotist
661,2,1,33,1,1,2,2,18,Not complotist
662,3,2,33,2,1,1,1,59,complotist
663,3,1,17,3,2,1,1,28,Not complotist
664,3,1,51,1,2,2,4,63,complotist
665,2,2,18,1,2,1,3,36,Not complotist
666,2,2,17,3,2,1,3,48,complotist
667,2,2,27,1,2,1,1,42,complotist
668,2,1,43,1,1,1,2,24,Not complotist
669,3,2,18,1,1,1,2,58,complotist
670,3,1,45,1,2,2,2,43,complotist
671,2,2,47,1,1,3,1,52,complotist
672,2,1,45,2,1,2,2,29,Not complotist
673,3,1,21,1,1,1,4,63,complotist
674,3,1,32,1,1,1,3,32,Not complotist
675,3,1,18,1,2,1,0,49,complotist
676,3,1,16,1,2,1,1,44,complotist
677,3,1,36,1,2,3,2,75,complotist
678,2,2,31,1,2,2,3,61,complotist
679,3,1,33,1,1,1,2,36,Not complotist
680,2,1,23,1,2,1,3,41,complotist
681,2,2,24,1,1,1,3,68,complotist
682,2,3,19,1,2,1,2,52,complotist
683,3,1,17,2,2,1,3,17,Not complotist
684,2,2,17,1,2,1,3,65,complotist
685,2,1,17,1,2,1,4,21,Not complotist
686,1,1,25,1,2,1,3,49,complotist
687,1,1,22,3,1,1,2,63,complotist
688,1,2,31,2,2,1,2,16,Not complotist
689,2,2,30,1,2,1,2,31,Not complotist
690,3,1,18,1,1,1,2,35,Not complotist
691,3,1,28,1,2,3,0,67,complotist
692,3,1,21,1,2,1,2,48,complotist
693,2,1,31,2,2,2,1,64,complotist
694,0,1,15,1,2,1,1,39,Not complotist
695,3,1,37,1,1,1,2,58,complotist
696,3,2,18,1,2,1,3,40,complotist
697,3,2,16,1,2,1,6,65,complotist
698,3,2,42,1,1,1,3,65,complotist
699,2,1,26,1,1,1,5,43,complotist
700,3,2,17,3,2,1,4,75,complotist
701,2,2,18,1,2,1,3,52,complotist
702,0,1,33,1,2,1,3,50,complotist
703,2,1,60,1,2,1,1,61,complotist
704,2,1,25,1,2,1,1,43,complotist
705,3,1,39,2,2,2,4,38,Not complotist
706,1,2,20,1,1,1,3,28,Not complotist
707,1,3,21,3,2,1,1,63,complotist
708,3,2,21,1,2,1,2,25,Not complotist
709,3,2,16,1,2,1,2,34,Not complotist
710,3,1,22,1,2,1,3,71,complotist
711,2,1,15,1,2,1,2,52,complotist
712,3,1,22,3,2,1,2,60,complotist
713,2,2,16,1,2,1,1,48,complotist
714,2,1,35,1,2,1,1,73,complotist
715,3,2,61,1,2,2,3,35,Not complotist
716,3,2,18,2,2,1,3,15,Not complotist
717,3,1,19,1,2,1,2,40,complotist
718,1,2,64,2,2,2,1,33,Not complotist
719,2,2,18,1,2,1,2,47,complotist
720,0,1,49,1,1,1,1,59,complotist
721,1,2,20,1,2,1,4,30,Not complotist
722,2,2,56,1,1,2,4,51,complotist
723,3,2,16,1,2,1,1,32,Not complotist
724,2,2,17,1,2,1,1,41,complotist
725,3,1,55,1,1,2,2,22,Not complotist
726,3,2,15,1,2,1,2,39,Not complotist
727,2,1,33,1,2,1,3,50,complotist
728,3,1,44,2,2,2,2,49,complotist
729,3,1,38,1,2,2,3,44,complotist
730,1,1,55,1,2,2,4,48,complotist
731,2,1,22,1,2,1,2,73,complotist
732,1,2,15,1,2,1,3,49,complotist
733,2,2,47,1,2,1,2,58,complotist
734,3,1,60,1,2,2,4,71,complotist
735,3,1,28,1,1,1,1,58,complotist
736,2,1,35,1,2,2,1,32,Not complotist
737,2,1,22,1,1,1,2,42,complotist
738,2,1,15,3,2,1,4,59,complotist
739,3,2,35,1,2,1,1,49,complotist
740,3,2,66,1,0,3,2,55,complotist
741,3,2,21,1,1,1,0,52,complotist
742,3,2,19,1,2,1,8,60,complotist
743,2,3,15,1,2,1,3,36,Not complotist
744,2,2,18,1,2,1,3,26,Not complotist
745,3,2,15,1,1,1,2,46,complotist
746,2,3,17,1,2,1,2,67,complotist
747,1,2,28,1,2,1,5,67,complotist
748,1,2,14,1,2,1,2,45,complotist
749,2,1,17,1,2,1,2,25,Not complotist
750,2,2,17,1,2,1,1,38,Not complotist
751,3,2,18,1,2,1,1,47,complotist
752,3,2,15,1,2,1,2,50,complotist
753,1,2,19,1,2,1,2,40,complotist
754,3,1,34,1,1,1,2,55,complotist
755,2,2,14,1,2,1,3,61,complotist
756,3,1,30,1,1,1,2,60,complotist
757,2,2,16,1,2,1,3,72,complotist
758,2,1,33,1,2,1,2,19,Not complotist
759,2,1,15,1,0,1,3,36,Not complotist
760,3,2,17,2,2,1,3,41,complotist
761,2,2,35,1,2,2,3,23,Not complotist
762,3,1,32,1,1,2,2,50,complotist
763,2,1,20,2,1,1,1,26,Not complotist
764,2,1,28,1,2,1,2,18,Not complotist
765,2,2,17,1,2,1,2,54,complotist
766,3,1,35,1,1,1,4,17,Not complotist
767,2,3,15,1,2,1,2,55,complotist
768,2,2,13,1,2,1,2,60,complotist
769,1,2,36,1,2,1,3,41,complotist
770,1,1,60,1,1,1,4,21,Not complotist
771,2,1,17,2,2,1,2,52,complotist
772,3,1,19,1,2,1,2,36,Not complotist
773,3,1,58,1,1,3,2,15,Not complotist
774,2,1,19,1,2,1,3,48,complotist
775,2,1,53,1,1,2,2,59,complotist
776,1,1,21,1,1,1,2,36,Not complotist
777,2,1,60,1,0,2,3,52,complotist
778,2,1,20,1,1,1,2,24,Not complotist
779,3,2,22,1,1,1,2,42,complotist
780,3,1,59,1,2,2,2,25,Not complotist
781,3,1,51,1,1,2,5,39,Not complotist
782,2,1,23,1,1,1,5,52,complotist
783,3,1,44,2,1,1,2,60,complotist
784,0,2,32,1,2,1,2,55,complotist
785,3,2,44,1,1,1,3,35,Not complotist
786,1,2,40,1,1,1,1,70,complotist
787,1,2,24,1,1,1,4,64,complotist
788,2,2,14,1,2,1,1,52,complotist
789,1,1,18,3,2,1,1,62,complotist
790,1,1,61,1,1,2,5,15,Not complotist
791,2,1,35,1,1,1,2,30,Not complotist
792,3,2,24,1,2,1,1,68,complotist
793,2,3,16,1,2,1,2,50,complotist
794,3,2,17,1,2,1,5,68,complotist
795,2,1,41,1,1,1,1,50,complotist
796,3,1,55,1,1,2,2,67,complotist
797,2,1,18,1,2,1,4,54,complotist
798,2,2,49,1,1,2,3,56,complotist
799,2,1,30,1,2,1,1,39,Not complotist
800,2,3,21,2,2,1,4,31,Not complotist
801,3,1,25,1,1,2,2,39,Not complotist
802,3,1,42,1,1,2,2,30,Not complotist
803,2,1,59,1,1,1,3,61,complotist
804,2,1,56,1,1,1,3,37,Not complotist
805,3,2,55,1,2,3,5,54,complotist
806,2,2,21,1,2,1,4,22,Not complotist
807,2,2,18,1,2,1,3,58,complotist
808,2,2,15,1,2,1,2,37,Not complotist
809,3,1,31,1,2,1,4,24,Not complotist
810,2,1,42,1,2,2,2,47,complotist
811,3,2,17,1,2,1,2,59,complotist
812,3,1,64,1,2,3,3,74,complotist
813,3,2,17,1,2,1,2,37,Not complotist
814,1,2,68,1,2,2,3,75,complotist
815,2,2,53,2,2,2,5,64,complotist
816,3,1,55,1,1,2,3,18,Not complotist
817,3,2,18,1,1,1,2,65,complotist
818,3,1,44,1,1,2,2,20,Not complotist
819,3,2,38,2,1,1,0,44,complotist
820,2,2,73,2,1,2,3,17,Not complotist
821,2,1,44,3,2,1,3,72,complotist
822,1,2,19,1,2,1,1,22,Not complotist
823,2,1,18,1,2,1,2,25,Not complotist
824,3,2,15,2,2,1,1,50,complotist
825,1,2,17,3,2,1,1,39,Not complotist
826,1,1,25,1,2,1,2,28,Not complotist
827,3,1,25,1,1,1,2,45,complotist
828,3,2,26,1,2,1,1,46,complotist
829,2,3,15,1,2,1,3,37,Not complotist
830,1,1,18,1,2,1,3,27,Not complotist
831,3,2,64,1,1,3,1,38,Not complotist
832,1,1,27,1,2,1,2,36,Not complotist
833,1,1,17,1,2,1,2,32,Not complotist
834,3,1,38,1,2,1,2,18,Not complotist
835,2,1,24,1,1,1,2,28,Not complotist
836,2,2,17,2,2,1,3,36,Not complotist
837,3,1,15,1,2,1,7,50,complotist
838,3,1,21,1,2,1,2,65,complotist
839,3,1,15,1,2,1,1,26,Not complotist
840,2,2,29,2,2,1,4,38,Not complotist
841,1,2,21,1,1,1,1,59,complotist
842,2,2,13,1,2,1,2,54,complotist
843,2,1,17,1,2,1,3,21,Not complotist
844,3,1,28,1,2,1,4,49,complotist
845,3,2,16,1,2,1,1,23,Not complotist
846,3,2,20,1,1,1,1,20,Not complotist
847,2,1,22,1,2,1,1,51,complotist
848,3,1,35,1,1,1,0,17,Not complotist
849,2,1,16,1,2,1,5,48,complotist
850,2,1,18,1,2,1,3,72,complotist
851,3,2,36,1,1,1,3,75,complotist
852,3,2,41,2,1,2,3,49,complotist
853,3,1,22,1,2,1,2,37,Not complotist
854,0,1,15,0,2,1,3,16,Not complotist
855,1,2,47,1,2,1,2,56,complotist
856,3,2,21,3,1,1,2,16,Not complotist
857,3,1,19,1,2,1,1,36,Not complotist
858,3,1,20,1,2,1,2,37,Not complotist
859,1,2,26,1,2,1,3,55,complotist
860,2,1,18,1,2,1,3,30,Not complotist
861,2,2,25,1,1,2,3,44,complotist
862,3,2,15,1,2,1,1,51,complotist
863,3,2,55,2,1,2,7,16,Not complotist
864,3,2,47,1,2,1,2,49,complotist
865,2,1,17,1,2,1,2,20,Not complotist
866,3,2,47,1,1,2,2,32,Not complotist
867,2,2,17,1,2,1,5,49,complotist
868,1,2,20,1,2,1,2,31,Not complotist
869,3,1,22,1,1,1,2,32,Not complotist
870,2,1,40,1,2,2,2,43,complotist
871,2,2,15,1,2,1,2,32,Not complotist
872,2,1,57,1,1,2,8,53,complotist
873,2,2,18,2,2,1,2,45,complotist
874,3,1,22,1,1,1,1,23,Not complotist
875,3,1,20,1,2,1,2,36,Not complotist
876,0,1,21,1,1,1,2,38,Not complotist
877,1,1,41,1,2,2,3,65,complotist
878,2,3,31,1,2,1,1,18,Not complotist
879,2,2,18,3,2,1,3,38,Not complotist
880,2,1,16,1,2,1,1,46,complotist
881,2,1,48,1,1,2,2,20,Not complotist
882,3,2,22,1,1,1,2,67,complotist
883,3,3,14,1,2,1,3,59,complotist
884,2,2,22,1,2,1,3,59,complotist
885,3,3,18,1,2,1,2,54,complotist
886,3,1,21,2,2,1,1,34,Not complotist
887,2,3,20,1,2,1,4,34,Not complotist
888,2,1,22,1,2,1,3,40,complotist
889,2,2,19,1,1,1,1,20,Not complotist
890,3,2,45,1,1,2,4,31,Not complotist
891,1,1,39,1,2,2,1,30,Not complotist
892,2,2,5555,1,2,1,0,17,Not complotist
893,2,2,50,3,1,3,2,37,Not complotist
894,1,3,16,3,2,1,2,64,complotist
895,3,2,17,1,2,1,3,43,complotist
896,2,1,21,1,2,1,2,36,Not complotist
897,3,3,16,1,2,1,1,55,complotist
898,1,1,30,3,1,2,2,69,complotist
899,2,2,14,1,2,1,3,59,complotist
900,3,2,17,1,2,1,4,41,complotist
901,2,2,38,1,2,3,1,16,Not complotist
902,3,2,25,1,2,2,6,56,complotist
903,3,2,22,2,1,1,5,52,complotist
904,1,1,19,1,2,1,4,20,Not complotist
905,3,2,17,1,2,1,1,62,complotist
906,3,1,17,1,2,1,2,30,Not complotist
907,2,2,20,1,1,1,2,47,complotist
908,1,2,22,1,1,1,1,34,Not complotist
909,2,1,18,1,2,1,2,39,Not complotist
910,3,2,23,1,2,1,4,46,complotist
911,3,2,15,3,2,1,3,67,complotist
912,3,2,19,1,2,1,4,69,complotist
913,3,2,18,1,1,1,2,62,complotist
914,2,2,15,1,2,1,2,61,complotist
915,2,2,16,1,2,1,4,36,Not complotist
916,2,2,23,2,2,1,2,50,complotist
917,1,2,16,1,2,1,2,36,Not complotist
918,3,2,25,1,1,1,2,60,complotist
919,2,2,16,1,2,1,2,39,Not complotist
920,2,1,14,1,2,1,0,48,complotist
921,1,2,18,1,2,1,2,55,complotist
922,1,1,22,1,1,1,2,32,Not complotist
923,3,2,18,1,2,1,1,41,complotist
924,2,2,31,1,2,2,1,21,Not complotist
925,2,1,33,1,2,2,2,39,Not complotist
926,2,2,31,1,2,2,1,19,Not complotist
927,3,2,34,1,1,1,2,51,complotist
928,1,2,39,1,2,3,2,52,complotist
929,1,2,33,1,2,2,2,29,Not complotist
930,2,2,23,1,2,1,2,30,Not complotist
931,3,2,17,1,2,1,0,20,Not complotist
932,2,2,15,1,2,1,2,23,Not complotist
933,2,1,16,1,2,1,2,53,complotist
934,3,3,15,1,2,1,1,50,complotist
935,1,1,51,1,2,2,2,63,complotist
936,3,2,27,1,2,1,2,51,complotist
937,2,1,67,1,2,1,4,28,Not complotist
938,3,3,20,1,1,1,1,50,complotist
939,2,2,14,1,2,1,2,50,complotist
940,2,2,17,1,2,1,3,18,Not complotist
941,3,3,15,1,2,1,2,35,Not complotist
942,3,1,29,3,1,1,2,32,Not complotist
943,3,2,15,3,2,1,5,41,complotist
944,2,2,16,1,2,1,5,58,complotist
945,2,1,38,2,2,2,8,56,complotist
946,2,1,26,1,2,1,2,26,Not complotist
947,3,2,17,1,2,1,1,51,complotist
948,3,2,18,1,2,1,1,38,Not complotist
949,2,2,21,1,1,1,2,61,complotist
950,1,1,18,1,1,1,2,68,complotist
951,2,1,25,1,2,1,1,36,Not complotist
952,3,1,38,1,2,1,5,42,complotist
953,0,3,15,1,2,1,1,66,complotist
954,1,1,27,1,2,1,5,35,Not complotist
955,1,2,16,1,2,1,2,49,complotist
956,2,2,26,1,2,1,3,49,complotist
957,3,1,40,1,2,2,3,29,Not complotist
958,2,1,17,1,2,1,1,30,Not complotist
959,1,2,24,1,2,1,2,63,complotist
960,3,2,35,1,1,3,3,40,complotist
961,2,1,14,2,2,1,1,15,Not complotist
962,2,1,18,1,2,1,3,32,Not complotist
963,3,2,33,1,2,2,2,39,Not complotist
964,2,1,24,1,2,1,3,42,complotist
965,2,2,50,1,2,2,2,35,Not complotist
966,2,1,20,1,1,1,2,53,complotist
967,2,1,20,1,2,1,1,34,Not complotist
968,1,1,23,1,2,1,3,19,Not complotist
969,2,1,21,1,1,1,4,30,Not complotist
970,1,1,22,1,2,1,1,36,Not complotist
971,3,2,21,1,2,1,3,50,complotist
972,2,1,30,2,1,2,2,32,Not complotist
973,2,2,15,1,2,1,2,45,complotist
974,3,2,22,1,2,1,2,55,complotist
975,2,2,13,1,2,1,2,41,complotist
976,3,2,13,3,2,0,3,64,complotist
977,1,3,18,1,1,1,3,47,complotist
978,3,1,15,1,2,1,5,28,Not complotist
979,3,2,27,1,2,1,2,28,Not complotist
980,2,2,18,1,2,1,3,31,Not complotist
981,2,2,39,1,2,1,2,57,complotist
982,3,2,15,1,2,1,2,31,Not complotist
983,3,2,30,1,2,1,2,57,complotist
984,2,2,29,3,2,1,1,47,complotist
985,2,2,19,1,2,1,2,19,Not complotist
986,2,1,41,2,2,1,2,27,Not complotist
987,2,1,16,1,2,1,2,69,complotist
988,3,2,37,1,2,1,1,62,complotist
989,2,1,21,3,1,1,3,55,complotist
990,2,2,19,1,2,1,7,50,complotist
991,3,2,45,1,2,2,5,57,complotist
992,3,1,63,1,2,1,6,63,complotist
993,2,1,40,2,2,1,2,54,complotist
994,2,1,25,1,1,1,3,47,complotist
995,1,1,49,3,1,1,3,35,Not complotist
996,1,2,63,3,1,1,14,67,complotist
997,1,1,20,1,1,1,3,31,Not complotist
998,2,1,28,1,1,1,2,42,complotist
999,1,2,36,1,1,1,2,23,Not complotist
1000,2,2,14,1,2,1,2,35,Not complotist
1001,1,1,30,1,1,1,1,73,complotist
1002,1,1,23,3,1,2,4,63,complotist
1003,3,2,17,1,2,1,10,75,complotist
1004,1,3,18,2,1,3,19,74,complotist
1005,2,2,60,1,1,3,7,19,Not complotist
1006,2,1,21,1,2,1,3,24,Not complotist
1007,1,1,17,2,2,1,1,48,complotist
1008,3,3,18,1,2,1,2,23,Not complotist
1009,2,2,22,1,1,1,1,48,complotist
1010,1,1,44,1,1,1,3,31,Not complotist
1011,2,2,22,1,2,1,3,65,complotist
1012,3,1,20,1,2,1,2,68,complotist
1013,2,1,20,2,2,1,3,21,Not complotist
1014,2,1,33,1,2,2,2,35,Not complotist
1015,2,1,14,1,2,1,2,48,complotist
1016,1,2,20,1,1,1,2,37,Not complotist
1017,3,2,15,2,2,1,3,57,complotist
1018,2,1,43,1,2,2,4,65,complotist
1019,1,2,25,1,2,1,3,37,Not complotist
1020,3,2,32,2,2,2,1,73,complotist
1021,2,2,24,1,2,0,2,44,complotist
1022,3,1,47,1,2,2,0,40,complotist
1023,2,1,21,1,2,1,2,45,complotist
1024,3,1,58,1,1,2,5,56,complotist
1025,2,1,17,3,2,1,3,68,complotist
1026,2,1,17,1,2,1,4,41,complotist
1027,2,2,22,1,2,1,2,60,complotist
1028,3,1,18,1,1,1,3,49,complotist
1029,3,1,20,1,1,1,2,31,Not complotist
1030,3,2,18,1,2,1,2,20,Not complotist
1031,1,2,27,1,2,1,3,66,complotist
1032,3,2,22,1,2,1,2,25,Not complotist
1033,3,2,15,1,2,1,2,51,complotist
1034,2,1,17,1,2,1,5,43,complotist
1035,3,1,32,1,2,1,1,25,Not complotist
1036,2,1,13,1,2,1,4,56,complotist
1037,1,2,18,1,2,1,2,65,complotist
1038,2,2,18,1,2,1,2,69,complotist
1039,3,1,40,1,1,2,2,66,complotist
1040,2,1,40,2,2,2,2,36,Not complotist
1041,2,1,18,1,2,1,2,60,complotist
1042,3,2,19,3,2,1,2,75,complotist
1043,2,2,19,2,2,1,3,45,complotist
1044,1,2,23,1,2,1,2,54,complotist
1045,0,1,63,1,2,2,5,18,Not complotist
1046,2,2,21,1,1,1,3,32,Not complotist
1047,2,1,24,1,2,1,2,35,Not complotist
1048,2,1,27,1,2,1,1,19,Not complotist
1049,2,2,29,1,1,1,5,39,Not complotist
1050,2,1,56,2,2,2,5,39,Not complotist
1051,2,1,35,1,2,2,3,20,Not complotist
1052,3,2,42,1,1,2,2,16,Not complotist
1053,1,1,19,1,2,1,2,42,complotist
1054,1,2,41,1,1,1,0,73,complotist
1055,1,2,54,2,1,2,7,69,complotist
1056,1,1,71,1,1,2,3,32,Not complotist
1057,3,1,50,1,1,3,2,61,complotist
1058,1,1,27,1,1,1,2,43,complotist
1059,1,1,38,1,1,1,2,44,complotist
1060,2,1,35,1,2,3,3,15,Not complotist
1061,1,1,33,2,1,2,2,26,Not complotist
1062,3,2,55,1,2,2,4,67,complotist
1063,3,1,39,1,2,2,2,66,complotist
1064,2,1,47,1,2,3,4,52,complotist
1065,2,1,57,1,2,1,5,60,complotist
1066,2,1,22,1,1,1,2,28,Not complotist
1067,3,1,30,1,2,1,2,53,complotist
1068,3,2,28,1,2,1,8,59,complotist
1069,2,2,45,2,2,2,2,20,Not complotist
1070,0,2,62,1,1,2,5,36,Not complotist
1071,3,2,42,1,2,1,2,75,complotist
1072,3,1,29,1,1,1,3,39,Not complotist
1073,3,1,36,2,2,2,3,40,complotist
1074,3,1,36,1,2,3,2,28,Not complotist
1075,3,1,70,1,2,1,2,73,complotist
1076,3,2,44,1,2,1,2,40,complotist
1077,1,1,15,1,2,1,2,70,complotist
1078,1,1,46,2,2,2,2,34,Not complotist
1079,2,1,48,2,1,2,4,69,complotist
1080,2,1,19,1,1,1,3,31,Not complotist
1081,3,1,44,2,1,2,1,66,complotist
1082,2,2,25,1,2,1,3,44,complotist
1083,3,2,32,1,2,0,1,25,Not complotist
1084,2,1,17,1,2,1,2,67,complotist
1085,2,2,25,1,2,1,2,44,complotist
1086,2,1,16,1,2,1,3,39,Not complotist
1087,3,3,21,1,2,1,2,37,Not complotist
1088,3,1,14,1,2,1,2,26,Not complotist
1089,2,1,43,2,1,1,3,49,complotist
1090,3,1,45,1,1,3,4,54,complotist
1091,2,1,54,1,1,2,3,36,Not complotist
1092,1,2,34,1,1,1,2,53,complotist
1093,1,1,30,1,2,2,4,74,complotist
1094,3,2,44,1,2,2,2,40,complotist
1095,2,1,18,1,2,1,2,36,Not complotist
1096,3,2,16,1,2,1,3,35,Not complotist
1097,2,1,62,1,2,2,1,55,complotist
1098,3,2,29,2,2,3,2,66,complotist
1099,1,2,16,1,2,1,2,61,complotist
1100,1,1,25,1,2,1,2,58,complotist
1101,2,1,45,1,1,2,3,34,Not complotist
1102,3,1,62,1,1,2,4,41,complotist
1103,3,1,60,1,1,2,1,72,complotist
1104,2,1,30,1,1,1,2,39,Not complotist
1105,3,1,55,1,1,2,5,75,complotist
1106,3,1,42,1,2,2,3,64,complotist
1107,2,1,25,2,2,1,1,24,Not complotist
1108,2,2,32,1,2,1,3,68,complotist
1109,3,1,49,2,2,2,3,74,complotist
1110,2,2,15,1,2,1,4,53,complotist
1111,1,1,49,1,1,2,3,62,complotist
1112,1,2,17,1,2,1,2,51,complotist
1113,0,2,19,1,2,1,0,60,complotist
1114,1,1,18,2,2,1,3,47,complotist
1115,2,1,17,1,2,1,1,25,Not complotist
1116,2,2,26,1,2,2,2,55,complotist
1117,2,2,19,1,2,1,3,61,complotist
1118,2,2,24,1,1,1,5,48,complotist
1119,2,1,21,1,2,1,2,58,complotist
1120,3,1,19,2,2,2,1,55,complotist
1121,2,2,19,1,2,1,2,25,Not complotist
1122,2,2,21,1,1,1,3,47,complotist
1123,1,2,67,1,2,3,2,26,Not complotist
1124,2,3,23,1,2,1,2,49,complotist
1125,3,2,18,1,2,1,3,45,complotist
1126,1,2,24,1,2,1,3,64,complotist
1127,2,2,55,2,1,1,1,60,complotist
1128,2,2,22,1,0,0,8,44,complotist
1129,3,2,18,1,2,1,2,72,complotist
1130,2,2,18,1,2,1,4,67,complotist
1131,1,1,44,1,1,2,3,40,complotist
1132,1,2,21,1,2,1,3,63,complotist
1133,2,2,25,1,1,2,3,18,Not complotist
1134,1,1,15,1,2,1,2,41,complotist
1135,2,3,15,1,2,1,3,38,Not complotist
1136,2,2,21,2,2,1,3,59,complotist
1137,2,2,16,1,2,1,3,24,Not complotist
1138,2,1,17,1,2,1,3,32,Not complotist
1139,2,1,18,1,2,1,3,22,Not complotist
1140,3,1,17,1,2,1,1,55,complotist
1141,3,2,21,1,2,1,1,59,complotist
1142,3,2,24,2,2,1,1,47,complotist
1143,3,3,16,1,2,1,3,66,complotist
1144,3,2,16,1,2,1,2,55,complotist
1145,1,1,28,1,2,1,3,27,Not complotist
1146,2,1,44,1,1,2,2,28,Not complotist
1147,1,1,24,1,2,1,3,34,Not complotist
1148,2,1,19,2,1,1,3,28,Not complotist
1149,2,2,15,1,2,1,1,57,complotist
1150,1,1,61,1,2,3,3,50,complotist
1151,1,2,18,1,2,1,2,32,Not complotist
1152,2,2,51,1,2,3,2,51,complotist
1153,3,2,19,1,0,0,0,34,Not complotist
1154,2,2,42,1,1,1,1,56,complotist
1155,2,1,24,1,1,1,3,26,Not complotist
1156,2,2,21,1,2,1,2,65,complotist
1157,3,1,32,1,1,1,3,58,complotist
1158,1,3,24,1,2,1,1,37,Not complotist
1159,2,2,33,1,1,2,2,40,complotist
1160,1,1,44,1,1,2,3,64,complotist
1161,3,1,19,1,2,1,2,28,Not complotist
1162,3,2,36,1,2,1,3,35,Not complotist
1163,2,1,30,1,2,1,2,27,Not complotist
1164,3,1,32,1,2,1,3,26,Not complotist
1165,3,1,25,1,2,1,2,29,Not complotist
1166,2,1,15,1,2,1,2,17,Not complotist
1167,2,1,25,1,1,1,1,47,complotist
1168,3,2,47,1,2,1,3,39,Not complotist
1169,2,2,35,1,2,1,1,15,Not complotist
1170,1,2,17,1,2,1,4,31,Not complotist
1171,1,1,23,1,1,1,3,25,Not complotist
1172,1,1,32,1,2,1,3,48,complotist
1173,2,1,52,1,2,2,3,25,Not complotist
1174,1,1,60,1,2,1,3,30,Not complotist
1175,2,2,19,1,2,1,3,49,complotist
1176,2,1,20,1,2,1,1,35,Not complotist
1177,3,1,49,1,2,2,2,32,Not complotist
1178,2,2,16,1,2,1,3,40,complotist
1179,2,1,38,1,2,1,1,16,Not complotist
1180,2,3,15,2,2,1,2,43,complotist
1181,2,2,15,1,2,1,3,61,complotist
1182,1,1,27,2,1,1,0,22,Not complotist
1183,1,2,27,1,1,2,4,34,Not complotist
1184,3,2,46,1,2,2,6,75,complotist
1185,2,2,38,1,1,1,3,49,complotist
1186,1,1,25,1,1,1,2,28,Not complotist
1187,1,2,18,1,2,1,1,45,complotist
1188,1,2,33,1,1,3,2,75,complotist
1189,3,2,42,1,1,2,5,39,Not complotist
1190,3,1,18,3,2,1,4,61,complotist
1191,2,3,21,1,1,1,2,38,Not complotist
1192,2,2,25,1,2,1,2,48,complotist
1193,1,2,15,1,2,1,2,39,Not complotist
1194,3,2,26,3,2,1,1,45,complotist
1195,3,1,16,3,2,1,4,60,complotist
1196,3,1,67,1,2,2,3,22,Not complotist
1197,2,1,39,1,1,2,4,60,complotist
1198,3,1,63,1,2,1,2,40,complotist
1199,3,2,69,1,1,3,3,17,Not complotist
1200,1,1,18,1,2,1,2,51,complotist
1201,1,1,31,1,1,2,1,67,complotist
1202,2,2,47,1,2,1,3,45,complotist
1203,1,2,24,1,2,1,5,23,Not complotist
1204,2,2,62,1,1,2,3,42,complotist
1205,2,1,54,1,2,1,3,33,Not complotist
1206,3,2,42,1,2,2,3,37,Not complotist
1207,1,2,44,1,1,2,3,35,Not complotist
1208,2,2,17,1,2,1,3,46,complotist
1209,2,1,47,1,2,2,4,15,Not complotist
1210,3,1,42,1,2,2,2,36,Not complotist
1211,1,1,19,1,1,1,3,28,Not complotist
1212,3,1,18,1,2,1,2,29,Not complotist
1213,3,2,33,1,1,1,2,68,complotist
1214,3,1,56,2,2,1,4,28,Not complotist
1215,1,2,39,1,2,1,2,24,Not complotist
1216,3,2,25,1,1,1,2,45,complotist
1217,2,1,17,1,2,1,2,25,Not complotist
1218,3,1,57,1,2,1,3,36,Not complotist
1219,3,1,16,1,2,1,2,15,Not complotist
1220,1,1,18,1,2,1,2,55,complotist
1221,1,1,19,1,1,1,3,20,Not complotist
1222,2,2,51,1,1,3,3,27,Not complotist
1223,3,2,14,1,2,1,4,26,Not complotist
1224,2,2,16,1,2,1,3,50,complotist
1225,3,3,16,1,2,1,1,63,complotist
1226,2,1,26,1,2,1,1,32,Not complotist
1227,2,2,18,1,1,2,2,50,complotist
1228,2,2,13,1,2,1,2,40,complotist
1229,3,1,17,1,2,1,2,38,Not complotist
1230,2,1,20,2,2,1,3,15,Not complotist
1231,2,1,19,2,2,1,3,39,Not complotist
1232,2,1,20,1,1,1,3,21,Not complotist
1233,2,2,41,3,2,2,2,26,Not complotist
1234,3,2,15,1,2,1,3,51,complotist
1235,2,1,25,1,1,1,2,30,Not complotist
1236,2,1,44,1,1,1,2,69,complotist
1237,3,1,17,1,2,1,2,54,complotist
1238,2,3,34,1,1,1,2,25,Not complotist
1239,2,1,14,1,2,1,6,38,Not complotist
1240,2,2,15,1,2,1,3,55,complotist
1241,2,1,48,2,1,2,2,24,Not complotist
1242,2,2,15,2,2,1,2,36,Not complotist
1243,1,1,75,1,2,3,4,46,complotist
1244,0,1,68,0,1,3,2,33,Not complotist
1245,3,1,64,1,1,1,3,62,complotist
1246,3,1,28,3,2,1,1,75,complotist
1247,3,1,32,3,1,1,2,34,Not complotist
1248,3,2,15,1,2,1,2,38,Not complotist
1249,1,2,16,2,2,1,3,37,Not complotist
1250,2,2,24,1,2,1,1,30,Not complotist
1251,2,1,14,1,2,1,2,17,Not complotist
1252,2,2,27,1,1,2,2,56,complotist
1253,3,2,41,1,2,2,2,61,complotist
1254,3,2,26,1,1,1,2,34,Not complotist
1255,3,1,37,1,1,1,4,59,complotist
1256,3,1,16,1,2,1,2,23,Not complotist
1257,2,2,50,1,1,1,1,42,complotist
1258,1,2,16,1,2,1,3,34,Not complotist
1259,2,2,45,2,2,2,2,32,Not complotist
1260,2,1,15,1,2,1,2,41,complotist
1261,1,3,26,3,2,1,2,51,complotist
1262,1,2,47,1,2,3,3,44,complotist
1263,2,3,18,1,2,1,2,30,Not complotist
1264,3,2,23,1,2,1,3,57,complotist
1265,3,2,22,1,1,1,2,21,Not complotist
1266,2,2,55,1,2,2,1,25,Not complotist
1267,3,1,17,2,2,1,2,59,complotist
1268,3,1,17,3,2,1,2,52,complotist
1269,2,2,22,1,2,1,1,61,complotist
1270,3,2,15,2,2,1,3,52,complotist
1271,3,2,14,2,2,1,2,23,Not complotist
1272,3,1,24,1,1,1,4,35,Not complotist
1273,2,2,59,1,2,2,2,57,complotist
1274,2,2,20,1,2,1,3,27,Not complotist
1275,2,1,23,1,2,1,1,64,complotist
1276,2,1,16,2,2,1,1,28,Not complotist
1277,2,2,29,1,1,1,2,26,Not complotist
1278,2,2,38,1,1,3,4,27,Not complotist
1279,2,1,32,1,1,2,2,48,complotist
1280,2,1,28,1,2,1,1,69,complotist
1281,3,1,28,1,2,1,1,69,complotist
1282,0,2,13,1,2,1,3,71,complotist
1283,2,1,19,1,1,1,3,41,complotist
1284,2,3,17,1,2,1,3,55,complotist
1285,3,1,23,1,2,1,2,39,Not complotist
1286,0,2,14,1,2,1,3,28,Not complotist
1287,3,2,29,3,2,2,2,56,complotist
1288,3,1,26,2,1,1,2,33,Not complotist
1289,2,1,30,1,1,2,3,52,complotist
1290,1,1,31,1,2,1,3,25,Not complotist
1291,3,2,17,3,2,0,0,44,complotist
1292,3,1,17,1,2,1,4,60,complotist
1293,0,0,36,3,1,1,2,51,complotist
1294,2,3,16,1,2,1,1,42,complotist
1295,2,2,26,1,2,1,2,22,Not complotist
1296,2,2,38,1,2,2,2,25,Not complotist
1297,2,2,15,1,2,1,2,40,complotist
1298,2,2,20,1,1,1,2,48,complotist
1299,3,1,33,2,2,1,3,47,complotist
1300,3,2,43,1,2,1,2,53,complotist
1301,2,3,15,1,2,1,3,18,Not complotist
1302,1,3,14,1,2,1,2,54,complotist
1303,1,1,19,1,2,1,2,47,complotist
1304,3,1,33,1,2,1,3,65,complotist
1305,2,3,14,1,2,1,1,27,Not complotist
1306,3,1,28,1,1,2,4,46,complotist
1307,1,2,21,3,1,1,5,71,complotist
1308,2,2,28,1,2,2,2,69,complotist
1309,2,2,60,1,1,3,2,69,complotist
1310,2,1,16,1,2,1,2,15,Not complotist
1311,1,2,31,1,1,1,2,55,complotist
1312,2,1,15,2,2,1,2,34,Not complotist
1313,3,1,21,1,2,1,2,39,Not complotist
1314,2,1,41,1,2,3,5,58,complotist
1315,3,1,55,1,2,2,6,51,complotist
1316,1,2,59,1,1,2,7,47,complotist
1317,2,2,14,3,2,1,3,46,complotist
1318,1,2,60,2,0,3,7,60,complotist
1319,3,2,20,1,2,1,1,67,complotist
1320,3,2,22,1,2,1,3,48,complotist
1321,3,1,26,1,1,1,1,48,complotist
1322,2,1,17,2,2,1,2,49,complotist
1323,3,1,18,1,2,1,2,15,Not complotist
1324,3,2,21,1,2,1,3,63,complotist
1325,3,1,19,1,1,1,3,47,complotist
1326,3,1,14,1,2,1,1,28,Not complotist
1327,2,2,18,1,2,1,2,51,complotist
1328,2,1,30,0,2,2,3,53,complotist
1329,2,1,36,1,1,1,2,60,complotist
1330,2,1,29,2,2,1,5,30,Not complotist
1331,1,2,18,1,2,1,1,50,complotist
1332,1,2,38,1,1,2,3,51,complotist
1333,3,1,28,2,1,2,2,20,Not complotist
1334,1,1,18,1,2,1,2,48,complotist
1335,2,2,19,1,2,1,2,35,Not complotist
1336,2,2,47,1,2,2,3,45,complotist
1337,3,2,26,1,2,1,1,47,complotist
1338,1,3,27,3,2,1,3,69,complotist
1339,3,1,16,1,2,1,1,72,complotist
1340,3,2,21,2,1,1,1,54,complotist
1341,2,2,20,1,2,1,2,58,complotist
1342,1,2,25,1,1,1,3,35,Not complotist
1343,2,2,53,1,1,2,3,46,complotist
1344,1,1,17,1,2,1,3,61,complotist
1345,3,2,16,1,2,1,2,28,Not complotist
1346,1,2,16,1,2,1,2,28,Not complotist
1347,3,1,21,1,2,1,4,46,complotist
1348,2,2,22,1,2,1,2,25,Not complotist
1349,2,2,18,1,1,1,3,55,complotist
1350,3,2,16,1,2,1,3,62,complotist
1351,1,1,21,1,1,1,3,46,complotist
1352,3,2,18,3,2,1,2,49,complotist
1353,2,2,22,1,1,1,4,37,Not complotist
1354,2,2,18,2,2,1,3,46,complotist
1355,3,2,23,1,2,1,1,51,complotist
1356,1,3,18,2,2,1,5,56,complotist
1357,2,2,22,1,1,1,2,29,Not complotist
1358,3,1,13,1,2,1,2,42,complotist
1359,3,1,21,1,1,1,2,35,Not complotist
1360,2,1,18,1,1,1,0,52,complotist
1361,2,2,20,1,2,1,2,56,complotist
1362,2,2,35,1,1,3,2,40,complotist
1363,2,1,17,1,2,1,2,36,Not complotist
1364,3,2,19,1,2,1,2,39,Not complotist
1365,3,2,22,1,2,1,1,24,Not complotist
1366,3,1,22,1,1,1,3,22,Not complotist
1367,3,1,19,1,2,1,3,24,Not complotist
1368,3,2,22,1,2,1,2,66,complotist
1369,1,2,18,1,2,1,7,25,Not complotist
1370,2,3,13,2,2,0,1,49,complotist
1371,3,1,18,1,2,1,2,51,complotist
1372,2,0,21,1,2,1,3,41,complotist
1373,3,2,42,1,2,1,3,19,Not complotist
1374,2,2,16,1,2,1,2,46,complotist
1375,3,2,27,1,2,1,2,64,complotist
1376,2,2,62,1,1,3,3,17,Not complotist
1377,1,2,27,1,2,1,3,39,Not complotist
1378,1,1,18,1,1,1,3,24,Not complotist
1379,1,1,21,1,1,1,9,43,complotist
1380,1,1,14,0,2,1,3,38,Not complotist
1381,3,1,23,1,2,1,3,15,Not complotist
1382,2,1,17,1,2,1,2,57,complotist
1383,1,2,21,1,2,1,3,38,Not complotist
1384,3,2,29,1,2,1,2,65,complotist
1385,3,2,24,1,2,1,6,75,complotist
1386,1,1,22,1,2,1,2,29,Not complotist
1387,2,1,18,1,2,1,1,24,Not complotist
1388,1,2,15,1,2,1,2,30,Not complotist
1389,3,1,49,1,2,3,4,22,Not complotist
1390,2,1,14,1,2,1,3,16,Not complotist
1391,2,2,48,1,2,2,3,15,Not complotist
1392,1,2,18,1,2,1,1,68,complotist
1393,1,2,16,2,2,1,3,24,Not complotist
1394,1,1,20,1,2,1,1,24,Not complotist
1395,2,2,18,1,2,1,2,33,Not complotist
1396,2,2,41,3,2,1,2,38,Not complotist
1397,2,2,32,1,1,2,3,26,Not complotist
1398,3,1,18,1,1,1,3,70,complotist
1399,1,1,18,1,1,1,2,26,Not complotist
1400,1,1,72,1,1,2,13,70,complotist
1401,2,1,25,1,2,1,3,45,complotist
1402,2,3,35,1,1,2,2,27,Not complotist
1403,3,2,37,1,1,1,3,42,complotist
1404,2,1,48,1,2,1,2,15,Not complotist
1405,1,1,18,1,2,1,3,24,Not complotist
1406,2,1,64,1,1,1,3,40,complotist
1407,3,2,19,1,2,1,2,57,complotist
1408,2,2,16,1,2,1,2,75,complotist
1409,3,2,25,1,2,1,3,60,complotist
1410,2,2,19,1,1,1,2,42,complotist
1411,3,1,19,2,1,1,2,22,Not complotist
1412,2,2,15,1,2,1,0,50,complotist
1413,3,2,18,1,2,1,1,46,complotist
1414,3,1,35,1,1,1,1,36,Not complotist
1415,1,2,22,1,1,1,3,19,Not complotist
1416,1,2,40,1,2,1,3,15,Not complotist
1417,1,2,30,1,1,1,3,15,Not complotist
1418,3,1,22,2,2,1,3,26,Not complotist
1419,3,2,18,1,2,1,6,42,complotist
1420,1,1,13,1,2,1,4,25,Not complotist
1421,3,2,23,1,1,1,2,38,Not complotist
1422,3,1,14,2,2,1,2,21,Not complotist
1423,3,2,16,1,2,1,0,54,complotist
1424,1,1,41,1,2,3,2,25,Not complotist
1425,1,2,17,1,2,1,1,23,Not complotist
1426,3,2,20,1,2,1,0,31,Not complotist
1427,1,1,16,1,2,1,3,15,Not complotist
1428,3,2,30,1,2,2,1,58,complotist
1429,3,1,22,1,2,1,2,26,Not complotist
1430,1,1,19,1,1,1,3,21,Not complotist
1431,2,2,14,1,2,1,2,50,complotist
1432,2,2,16,1,2,1,2,59,complotist
1433,3,1,16,1,2,1,2,34,Not complotist
1434,2,2,26,1,1,1,1,42,complotist
1435,2,1,15,1,2,1,4,37,Not complotist
1436,3,2,27,1,1,1,3,33,Not complotist
1437,2,1,23,1,2,1,2,46,complotist
1438,2,1,23,1,1,1,3,20,Not complotist
1439,3,2,27,1,2,1,1,33,Not complotist
1440,2,2,40,1,1,1,4,22,Not complotist
1441,2,2,15,1,2,1,4,36,Not complotist
1442,2,2,14,1,2,1,1,56,complotist
1443,2,1,19,1,2,1,4,29,Not complotist
1444,3,1,15,1,2,1,1,43,complotist
1445,2,2,15,1,2,1,2,24,Not complotist
1446,1,2,21,1,2,1,2,42,complotist
1447,2,2,15,1,2,1,5,37,Not complotist
1448,1,2,69,1,1,1,3,30,Not complotist
1449,3,2,16,1,2,1,1,70,complotist
1450,3,2,23,1,1,1,3,64,complotist
1451,2,1,46,1,1,2,3,46,complotist
1452,2,1,17,1,2,1,4,66,complotist
1453,2,2,16,1,2,1,2,40,complotist
1454,3,2,15,1,2,1,1,65,complotist
1455,2,2,15,1,2,1,2,45,complotist
1456,2,2,23,1,1,1,5,27,Not complotist
1457,3,1,37,1,2,1,2,46,complotist
1458,1,2,23,1,1,1,2,60,complotist
1459,3,2,19,1,2,1,2,44,complotist
1460,2,2,64,1,1,2,4,34,Not complotist
1461,3,2,30,3,2,1,1,55,complotist
1462,3,1,52,1,1,3,1,25,Not complotist
1463,2,2,62,2,1,3,4,33,Not complotist
1464,3,2,42,2,2,3,2,34,Not complotist
1465,2,1,39,1,2,1,0,45,complotist
1466,2,2,44,1,1,3,2,57,complotist
1467,2,1,30,1,1,2,4,27,Not complotist
1468,1,1,18,1,2,1,2,16,Not complotist
1469,3,2,14,2,2,1,3,60,complotist
1470,3,1,36,1,2,1,3,37,Not complotist
1471,1,2,56,2,1,3,2,36,Not complotist
1472,1,2,26,1,1,1,3,55,complotist
1473,3,1,55,1,2,2,2,57,complotist
1474,3,2,21,1,2,1,1,44,complotist
1475,3,2,28,1,2,1,6,59,complotist
1476,1,1,18,1,1,1,2,35,Not complotist
1477,2,2,17,1,2,1,2,51,complotist
1478,1,2,59,1,1,2,2,35,Not complotist
1479,2,1,48,1,1,2,1,28,Not complotist
1480,2,2,34,1,1,1,1,69,complotist
1481,2,1,21,1,2,2,2,33,Not complotist
1482,3,1,20,1,1,1,1,37,Not complotist
1483,3,1,35,1,2,3,1,30,Not complotist
1484,3,2,19,1,2,1,3,21,Not complotist
1485,1,1,38,2,1,2,5,57,complotist
1486,3,1,63,1,1,3,3,68,complotist
1487,3,1,32,1,2,1,4,51,complotist
1488,3,2,15,1,2,1,3,31,Not complotist
1489,3,2,17,2,2,1,2,58,complotist
1490,3,1,20,1,2,1,4,74,complotist
1491,3,2,45,1,2,2,1,43,complotist
1492,3,2,15,1,2,1,2,67,complotist
1493,3,2,13,3,2,1,2,57,complotist
1494,2,2,20,2,2,1,2,22,Not complotist
1495,3,1,23,1,2,1,2,27,Not complotist
1496,3,2,21,1,1,1,5,63,complotist
1497,2,1,30,1,1,3,2,42,complotist
1498,2,2,19,1,1,1,2,51,complotist
1499,2,3,36,1,2,3,1,59,complotist
1500,2,1,27,1,1,1,2,15,Not complotist
1501,1,1,22,1,2,1,1,54,complotist
1502,2,3,22,1,1,1,2,48,complotist
1503,2,2,27,2,2,1,2,20,Not complotist
1504,2,2,23,1,1,1,4,63,complotist
1505,1,2,68,1,2,2,3,61,complotist
1506,3,2,24,1,1,2,2,49,complotist
1507,2,2,16,1,2,1,4,31,Not complotist
1508,3,2,17,1,2,1,4,58,complotist
1509,2,2,57,1,2,2,4,75,complotist
1510,2,2,28,1,2,1,2,32,Not complotist
1511,2,2,23,2,1,1,3,51,complotist
1512,1,2,22,1,2,1,2,43,complotist
1513,2,2,18,1,2,1,2,45,complotist
1514,2,2,16,1,2,1,1,46,complotist
1515,2,2,29,1,2,1,2,63,complotist
1516,2,2,44,2,2,1,3,39,Not complotist
1517,2,2,35,1,2,1,2,42,complotist
1518,1,1,23,2,2,1,3,28,Not complotist
1519,2,1,28,1,2,1,3,73,complotist
1520,2,1,25,1,2,1,2,28,Not complotist
1521,1,1,21,1,1,2,4,63,complotist
1522,3,1,39,1,2,1,2,49,complotist
1523,1,2,45,3,2,1,0,30,Not complotist
1524,3,1,37,1,2,2,5,31,Not complotist
1525,3,2,21,1,1,1,1,50,complotist
1526,2,2,22,1,2,1,2,69,complotist
1527,2,2,25,1,2,2,3,52,complotist
1528,2,1,21,0,1,1,2,65,complotist
1529,1,1,25,3,2,1,3,65,complotist
1530,3,2,44,1,1,2,1,48,complotist
1531,3,3,30,1,2,1,2,21,Not complotist
1532,1,2,23,1,1,1,3,29,Not complotist
1533,3,1,18,1,1,1,3,44,complotist
1534,3,1,67,1,1,3,6,32,Not complotist
1535,2,1,23,1,2,1,5,29,Not complotist
1536,3,2,17,1,2,1,2,43,complotist
1537,2,1,17,1,2,1,3,28,Not complotist
1538,3,1,18,1,1,1,3,44,complotist
1539,1,2,49,2,2,1,2,48,complotist
1540,3,1,47,1,1,1,3,43,complotist
1541,2,1,17,1,2,1,2,43,complotist
1542,2,2,35,1,2,3,1,48,complotist
1543,2,1,44,2,1,2,3,61,complotist
1544,2,1,29,1,2,1,2,32,Not complotist
1545,2,2,16,1,2,1,2,40,complotist
1546,1,1,45,1,1,3,2,40,complotist
1547,2,3,18,1,2,1,3,48,complotist
1548,2,2,17,1,2,1,2,32,Not complotist
1549,3,2,20,2,2,1,3,74,complotist
1550,3,2,16,3,2,1,2,51,complotist
1551,3,1,50,1,1,2,4,35,Not complotist
1552,1,1,35,1,2,1,3,57,complotist
1553,3,2,38,1,2,2,1,62,complotist
1554,3,1,18,1,2,1,2,52,complotist
1555,2,1,18,1,2,1,2,36,Not complotist
1556,1,1,18,1,1,1,2,31,Not complotist
1557,3,1,18,1,2,1,3,18,Not complotist
1558,3,2,18,2,2,1,2,62,complotist
1559,2,3,13,2,2,1,2,50,complotist
1560,3,2,25,1,1,1,2,25,Not complotist
1561,3,1,36,1,2,2,2,60,complotist
1562,3,1,38,1,2,1,1,57,complotist
1563,2,3,15,1,2,1,1,47,complotist
1564,3,1,26,1,2,1,1,68,complotist
1565,2,1,17,1,2,1,4,31,Not complotist
1566,1,1,35,1,1,1,4,20,Not complotist
1567,2,1,60,1,2,2,2,22,Not complotist
1568,2,1,57,1,1,0,3,44,complotist
1569,2,1,47,1,1,2,8,24,Not complotist
1570,2,2,19,1,1,1,2,55,complotist
1571,1,2,35,1,2,2,2,33,Not complotist
1572,2,2,15,1,2,1,3,61,complotist
1573,2,2,46,1,1,2,2,36,Not complotist
1574,2,2,14,1,2,1,3,32,Not complotist
1575,1,2,18,1,2,1,2,53,complotist
1576,2,2,21,1,1,1,3,43,complotist
1577,3,2,32,1,1,1,1,26,Not complotist
1578,2,2,16,1,2,1,2,36,Not complotist
1579,2,2,23,3,2,1,3,75,complotist
1580,2,2,27,1,1,1,3,51,complotist
1581,2,2,17,2,2,1,2,59,complotist
1582,2,1,32,1,2,1,1,53,complotist
1583,2,1,30,1,1,1,3,27,Not complotist
1584,3,2,23,1,1,1,4,45,complotist
1585,1,1,37,2,2,1,4,48,complotist
1586,2,2,28,1,2,2,2,70,complotist
1587,1,1,35,1,2,1,5,63,complotist
1588,3,1,17,1,2,1,2,43,complotist
1589,3,2,18,1,1,1,2,46,complotist
1590,2,1,15,1,2,1,2,44,complotist
1591,0,2,21,1,0,0,0,54,complotist
1592,2,2,18,1,1,1,2,66,complotist
1593,1,1,21,1,2,1,2,37,Not complotist
1594,1,2,45,1,1,0,2,48,complotist
1595,2,2,19,3,2,1,1,51,complotist
1596,2,2,14,1,2,1,2,16,Not complotist
1597,3,1,21,1,1,1,2,31,Not complotist
1598,2,2,43,1,2,3,2,49,complotist
1599,2,1,33,1,2,2,3,30,Not complotist
1600,2,2,52,1,1,1,2,68,complotist
1601,3,1,19,1,2,1,2,51,complotist
1602,1,1,34,1,2,2,3,31,Not complotist
1603,2,1,18,1,2,1,2,27,Not complotist
1604,3,1,53,3,2,1,3,60,complotist
1605,2,2,46,1,1,2,2,21,Not complotist
1606,3,3,50,2,2,3,1,75,complotist
1607,3,2,19,1,1,1,3,59,complotist
1608,2,2,37,1,1,1,6,26,Not complotist
1609,2,2,16,1,2,1,1,61,complotist
1610,3,2,16,1,2,1,2,62,complotist
1611,3,2,20,1,1,1,2,30,Not complotist
1612,3,1,18,1,1,1,2,40,complotist
1613,2,2,14,1,2,1,2,20,Not complotist
1614,3,1,15,3,2,1,2,45,complotist
1615,1,1,18,1,2,1,2,45,complotist
1616,3,2,15,1,2,1,2,54,complotist
1617,3,2,20,1,1,1,3,56,complotist
1618,2,2,19,1,2,1,4,50,complotist
1619,2,2,17,2,2,1,2,60,complotist
1620,1,1,14,1,2,1,2,27,Not complotist
1621,2,2,21,1,2,1,2,47,complotist
1622,2,1,55,2,1,1,4,64,complotist
1623,2,1,22,1,2,1,2,39,Not complotist
1624,3,1,38,1,2,2,2,72,complotist
1625,3,2,16,2,2,1,1,68,complotist
1626,3,2,34,1,2,1,2,42,complotist
1627,3,1,15,1,0,1,4,56,complotist
1628,2,1,65,1,2,1,3,20,Not complotist
1629,2,2,18,1,2,1,2,46,complotist
1630,3,1,21,2,2,1,3,26,Not complotist
1631,2,2,50,0,2,1,1,45,complotist
1632,2,1,20,1,2,1,3,47,complotist
1633,2,1,19,1,2,1,2,30,Not complotist
1634,2,2,43,1,1,1,1,31,Not complotist
1635,3,1,30,2,1,1,2,25,Not complotist
1636,2,1,25,1,2,1,2,22,Not complotist
1637,2,1,23,1,2,1,1,40,complotist
1638,1,3,17,1,2,1,4,48,complotist
1639,3,2,39,1,1,1,2,55,complotist
1640,3,2,19,2,2,1,2,48,complotist
1641,1,1,18,1,2,1,3,72,complotist
1642,2,1,20,1,2,1,3,38,Not complotist
1643,2,2,15,1,2,1,4,55,complotist
1644,2,1,29,1,1,1,3,29,Not complotist
1645,2,1,33,2,1,1,3,41,complotist
1646,2,2,51,1,2,2,6,44,complotist
1647,1,1,37,1,2,1,3,57,complotist
1648,3,2,15,2,2,1,1,42,complotist
1649,2,1,18,1,2,1,2,26,Not complotist
1650,3,1,36,1,2,3,1,19,Not complotist
1651,3,2,17,1,2,1,2,47,complotist
1652,3,2,20,1,2,1,3,73,complotist
1653,2,1,34,1,2,1,3,53,complotist
1654,3,1,36,1,1,1,4,16,Not complotist
1655,2,2,55,1,2,3,3,44,complotist
1656,2,1,25,1,2,1,2,15,Not complotist
1657,2,2,15,2,2,1,1,60,complotist
1658,2,2,36,1,2,1,1,16,Not complotist
1659,2,2,15,1,2,1,2,50,complotist
1660,2,2,55,2,1,1,3,33,Not complotist
1661,1,2,21,1,2,1,5,42,complotist
1662,3,2,18,1,2,1,2,55,complotist
1663,3,1,38,1,1,1,2,61,complotist
1664,3,1,31,1,2,2,1,19,Not complotist
1665,3,3,18,3,1,1,2,68,complotist
1666,3,2,16,1,2,1,3,51,complotist
1667,2,1,18,2,1,1,2,60,complotist
1668,3,3,19,1,1,1,2,54,complotist
1669,1,1,58,1,2,2,2,40,complotist
1670,1,1,20,1,2,1,3,60,complotist
1671,3,1,35,1,2,2,5,28,Not complotist
1672,2,1,16,1,2,1,2,71,complotist
1673,1,3,15,1,2,1,3,45,complotist
1674,1,2,43,2,2,2,4,43,complotist
1675,2,2,22,1,1,1,2,33,Not complotist
1676,3,2,50,1,1,1,1,50,complotist
1677,2,2,63,1,1,2,2,51,complotist
1678,1,1,32,1,1,1,4,26,Not complotist
1679,1,2,14,1,2,1,3,58,complotist
1680,1,1,21,1,1,1,1,46,complotist
1681,3,2,31,1,1,1,2,39,Not complotist
1682,3,1,20,1,2,1,2,65,complotist
1683,3,3,24,1,2,1,4,75,complotist
1684,2,1,42,1,2,1,1,60,complotist
1685,3,2,22,1,2,1,3,71,complotist
1686,1,2,25,1,1,2,3,53,complotist
1687,3,2,18,1,2,1,2,57,complotist
1688,2,2,18,1,2,1,2,26,Not complotist
1689,2,2,50,1,1,2,6,62,complotist
1690,3,2,18,1,2,1,3,43,complotist
1691,2,3,26,1,2,1,4,49,complotist
1692,1,1,33,1,1,2,3,40,complotist
1693,3,2,33,1,2,2,2,48,complotist
1694,3,2,27,1,1,1,5,46,complotist
1695,2,2,27,1,2,1,2,31,Not complotist
1696,2,1,22,1,1,1,2,38,Not complotist
1697,1,1,74,1,1,2,2,52,complotist
1698,3,1,29,2,2,1,1,25,Not complotist
1699,3,2,36,1,1,1,5,28,Not complotist
1700,3,3,17,1,2,1,2,15,Not complotist
1701,1,2,19,1,2,1,3,39,Not complotist
1702,1,2,19,2,1,1,2,63,complotist
1703,1,2,19,2,1,1,2,66,complotist
1704,2,1,16,1,2,1,2,32,Not complotist
1705,3,2,18,1,2,1,1,30,Not complotist
1706,1,1,24,1,2,1,4,57,complotist
1707,2,2,30,3,1,2,1,50,complotist
1708,3,2,15,3,2,1,2,41,complotist
1709,1,1,15,1,2,1,2,66,complotist
1710,3,1,22,1,1,1,2,40,complotist
1711,0,2,35,0,0,0,0,69,complotist
1712,2,2,18,1,2,1,3,20,Not complotist
1713,3,2,17,1,2,1,1,53,complotist
1714,1,2,19,2,1,1,3,40,complotist
1715,2,2,16,1,2,1,2,64,complotist
1716,2,1,23,1,1,1,5,24,Not complotist
1717,3,1,22,1,1,1,2,26,Not complotist
1718,3,2,14,1,2,1,2,53,complotist
1719,2,2,31,2,2,2,2,34,Not complotist
1720,2,1,19,1,2,1,6,47,complotist
1721,1,1,29,1,2,1,3,52,complotist
1722,3,1,22,1,2,1,3,37,Not complotist
1723,2,1,18,1,1,1,3,52,complotist
1724,3,1,55,1,1,2,2,33,Not complotist
1725,2,1,17,1,1,1,4,40,complotist
1726,3,2,17,1,2,1,4,31,Not complotist
1727,2,1,17,1,2,1,3,28,Not complotist
1728,3,3,18,3,1,1,1,55,complotist
1729,3,2,23,1,2,1,5,59,complotist
1730,3,2,26,1,2,1,3,56,complotist
1731,1,1,17,1,2,1,4,24,Not complotist
1732,2,2,17,1,2,1,3,34,Not complotist
1733,0,1,26,1,2,1,2,44,complotist
1734,3,1,13,2,2,1,3,24,Not complotist
1735,2,1,53,1,1,2,3,73,complotist
1736,2,2,57,2,2,1,2,25,Not complotist
1737,2,2,15,1,2,1,2,18,Not complotist
1738,2,2,20,1,2,1,3,39,Not complotist
1739,3,2,20,1,1,1,1,29,Not complotist
1740,2,1,16,1,2,1,2,21,Not complotist
1741,2,2,32,3,1,1,1,56,complotist
1742,1,1,25,1,1,1,2,55,complotist
1743,3,1,32,1,1,1,1,25,Not complotist
1744,2,1,13,2,2,1,2,25,Not complotist
1745,2,2,23,1,2,1,3,67,complotist
1746,2,2,31,1,1,1,3,40,complotist
1747,3,1,42,2,1,1,3,34,Not complotist
1748,3,2,15,2,2,1,4,51,complotist
1749,2,2,14,1,2,1,2,48,complotist
1750,3,2,54,1,1,3,8,69,complotist
1751,3,2,25,1,2,1,0,47,complotist
1752,2,1,46,1,2,1,2,48,complotist
1753,2,2,17,1,2,1,3,45,complotist
1754,3,1,24,1,2,1,3,26,Not complotist
1755,3,1,20,1,2,1,2,36,Not complotist
1756,3,2,14,1,2,1,4,59,complotist
1757,3,2,40,1,2,1,5,56,complotist
1758,3,1,21,1,1,1,5,31,Not complotist
1759,1,1,18,1,2,2,4,15,Not complotist
1760,3,1,36,1,1,2,4,53,complotist
1761,2,1,15,1,2,1,1,45,complotist
1762,3,2,37,3,2,1,4,53,complotist
1763,3,1,19,1,2,1,1,34,Not complotist
1764,2,1,16,1,2,1,3,42,complotist
1765,1,3,17,1,2,1,3,64,complotist
1766,1,1,50,1,1,1,2,46,complotist
1767,1,1,37,1,1,2,2,50,complotist
1768,2,2,18,1,2,1,1,52,complotist
1769,2,1,19,1,2,1,3,53,complotist
1770,2,2,18,2,2,1,2,43,complotist
1771,2,1,16,1,2,1,2,43,complotist
1772,3,2,22,2,1,1,3,34,Not complotist
1773,2,2,50,1,2,3,3,21,Not complotist
1774,3,2,15,1,2,1,3,55,complotist
1775,3,2,18,1,2,1,2,49,complotist
1776,3,1,54,1,1,2,7,71,complotist
1777,1,2,20,1,1,1,4,46,complotist
1778,3,1,18,2,2,1,2,57,complotist
1779,2,2,13,1,2,1,2,17,Not complotist
1780,1,1,20,1,2,1,2,35,Not complotist
1781,2,2,19,1,1,1,3,32,Not complotist
1782,1,2,18,1,2,1,3,22,Not complotist
1783,2,2,30,1,1,1,3,36,Not complotist
1784,3,2,41,1,2,2,3,62,complotist
1785,2,2,19,1,2,1,1,27,Not complotist
1786,2,2,18,1,2,1,2,49,complotist
1787,2,1,51,1,0,3,1,28,Not complotist
1788,3,1,19,1,1,1,3,56,complotist
1789,1,3,16,1,2,1,6,51,complotist
1790,3,2,17,2,2,1,1,37,Not complotist
1791,2,1,14,1,2,1,3,47,complotist
1792,3,1,27,1,2,1,1,46,complotist
1793,2,2,47,1,2,2,2,27,Not complotist
1794,2,2,26,1,1,1,2,45,complotist
1795,3,1,27,1,2,1,2,54,complotist
1796,3,2,34,2,1,2,3,43,complotist
1797,3,2,20,1,1,1,2,24,Not complotist
1798,2,3,20,1,2,1,1,52,complotist
1799,2,1,19,2,2,1,2,45,complotist
1800,2,1,19,1,1,1,2,34,Not complotist
1801,2,2,14,1,2,1,1,42,complotist
1802,3,2,53,2,1,3,3,48,complotist
1803,2,2,25,1,2,1,2,18,Not complotist
1804,2,1,34,1,1,2,2,20,Not complotist
1805,2,1,15,1,2,1,3,55,complotist
1806,3,2,20,1,1,1,0,54,complotist
1807,3,2,14,1,2,1,2,24,Not complotist
1808,3,1,18,1,2,1,1,64,complotist
1809,2,1,14,1,2,1,1,33,Not complotist
1810,2,2,13,1,2,1,2,53,complotist
1811,1,1,45,1,2,1,5,57,complotist
1812,3,2,30,1,1,1,1,45,complotist
1813,1,2,21,1,1,1,2,50,complotist
1814,3,2,26,1,1,2,2,48,complotist
1815,3,2,18,1,1,1,1,75,complotist
1816,3,2,49,1,1,1,1,21,Not complotist
1817,1,2,21,1,1,1,2,45,complotist
1818,1,2,58,1,2,3,4,45,complotist
1819,2,1,23,1,1,1,3,30,Not complotist
1820,2,1,21,1,2,1,2,35,Not complotist
1821,3,3,22,1,2,1,3,52,complotist
1822,2,1,33,3,2,1,4,49,complotist
1823,1,1,16,1,2,1,5,30,Not complotist
1824,3,1,58,1,2,1,6,43,complotist
1825,2,3,15,1,2,1,1,48,complotist
1826,3,1,19,2,2,1,5,48,complotist
1827,1,2,17,1,2,1,2,68,complotist
1828,2,2,16,2,2,1,3,39,Not complotist
1829,2,2,19,1,2,1,2,23,Not complotist
1830,3,1,31,2,1,2,4,47,complotist
1831,2,2,14,1,2,1,3,41,complotist
1832,2,1,30,1,1,1,2,39,Not complotist
1833,1,1,23,1,1,1,3,75,complotist
1834,3,1,29,1,1,2,1,17,Not complotist
1835,1,0,23,1,2,1,2,55,complotist
1836,1,1,23,1,1,1,2,28,Not complotist
1837,1,2,20,1,1,1,6,23,Not complotist
1838,2,1,17,1,2,1,2,19,Not complotist
1839,3,1,24,1,2,1,3,62,complotist
1840,3,2,18,1,2,1,2,69,complotist
1841,2,1,17,1,2,1,2,38,Not complotist
1842,3,2,17,1,2,1,3,47,complotist
1843,1,2,39,1,2,3,3,26,Not complotist
1844,2,2,47,2,2,3,5,53,complotist
1845,2,2,69,1,2,2,1,28,Not complotist
1846,1,2,18,1,2,1,2,70,complotist
1847,1,2,15,1,2,1,2,38,Not complotist
1848,2,1,33,1,1,3,2,59,complotist
1849,2,2,50,1,2,3,3,43,complotist
1850,2,2,24,1,1,1,2,50,complotist
1851,2,1,25,1,2,1,2,27,Not complotist
1852,2,2,15,1,2,1,2,18,Not complotist
1853,1,3,15,1,2,1,1,43,complotist
1854,3,2,19,1,2,1,2,55,complotist
1855,3,2,16,1,2,1,1,16,Not complotist
1856,1,1,22,1,1,1,2,16,Not complotist
1857,2,2,23,1,1,1,1,15,Not complotist
1858,2,1,15,1,2,1,3,34,Not complotist
1859,3,1,24,1,2,1,1,57,complotist
1860,2,1,23,1,1,1,2,28,Not complotist
1861,2,1,19,1,2,1,1,61,complotist
1862,1,1,19,1,1,1,3,51,complotist
1863,2,1,19,3,1,1,2,46,complotist
1864,2,1,17,1,2,1,2,51,complotist
1865,2,1,21,1,1,1,2,45,complotist
1866,2,1,36,3,1,1,3,31,Not complotist
1867,2,1,19,1,1,1,3,36,Not complotist
1868,1,1,23,3,1,1,6,37,Not complotist
1869,3,1,21,1,1,1,1,35,Not complotist
1870,2,1,18,1,1,1,2,50,complotist
1871,0,2,19,3,1,1,2,35,Not complotist
1872,3,1,18,1,2,1,2,38,Not complotist
1873,2,1,18,1,2,1,2,43,complotist
1874,1,1,20,1,2,1,2,26,Not complotist
1875,2,2,16,1,2,1,3,51,complotist
1876,3,1,22,1,1,1,3,24,Not complotist
1877,2,1,16,2,2,1,2,72,complotist
1878,2,1,23,1,1,1,2,39,Not complotist
1879,2,1,21,1,1,1,2,52,complotist
1880,2,3,19,1,1,1,2,22,Not complotist
1881,2,2,15,1,2,1,3,21,Not complotist
1882,2,1,16,2,2,1,2,41,complotist
1883,3,1,30,2,2,1,3,26,Not complotist
1884,2,1,18,1,2,1,2,57,complotist
1885,2,1,52,2,2,2,4,53,complotist
1886,2,1,37,1,2,1,2,75,complotist
1887,1,2,47,2,1,2,3,16,Not complotist
1888,1,2,26,2,1,1,4,45,complotist
1889,3,2,17,1,2,1,7,57,complotist
1890,2,1,15,1,2,1,2,35,Not complotist
1891,1,2,14,1,2,0,4,60,complotist
1892,0,2,15,1,2,1,2,34,Not complotist
1893,1,2,25,1,2,1,4,53,complotist
1894,2,2,29,1,2,3,1,50,complotist
1895,2,1,21,1,1,1,2,42,complotist
1896,3,2,20,1,2,1,1,58,complotist
1897,3,1,17,1,2,1,2,13,Not complotist
1898,3,1,52,1,1,2,4,60,complotist
1899,3,2,17,1,2,1,1,57,complotist
1900,3,1,41,1,2,2,1,40,complotist
1901,2,2,16,1,2,1,3,47,complotist
1902,2,2,15,1,2,1,2,75,complotist
1903,2,3,13,3,2,1,2,58,complotist
1904,2,2,17,1,2,1,2,42,complotist
1905,3,1,55,1,1,2,5,15,Not complotist
1906,2,1,55,1,1,1,4,16,Not complotist
1907,2,2,19,1,2,1,2,20,Not complotist
1908,2,2,15,1,2,1,2,62,complotist
1909,2,2,32,1,1,2,2,53,complotist
1910,3,1,67,1,2,2,2,43,complotist
1911,3,2,22,1,1,1,2,20,Not complotist
1912,2,2,17,1,2,1,1,37,Not complotist
1913,3,2,23,1,2,1,5,61,complotist
1914,1,2,41,3,1,2,2,31,Not complotist
1915,3,2,23,1,1,1,2,40,complotist
1916,1,1,20,1,1,1,4,31,Not complotist
1917,2,1,30,1,2,1,3,65,complotist
1918,3,1,23,1,1,1,2,27,Not complotist
1919,3,2,14,1,2,1,2,55,complotist
1920,1,1,19,1,1,1,2,62,complotist
1921,3,2,17,1,2,1,3,56,complotist
1922,1,2,60,1,1,3,2,59,complotist
1923,2,2,20,1,2,1,2,40,complotist
1924,3,2,24,1,2,1,1,43,complotist
1925,1,3,26,1,2,1,2,29,Not complotist
1926,3,1,35,1,2,1,5,60,complotist
1927,3,2,17,1,2,1,2,31,Not complotist
1928,2,1,31,1,1,1,1,27,Not complotist
1929,2,3,44,3,2,3,1,40,complotist
1930,3,2,25,1,1,2,2,26,Not complotist
1931,2,1,33,1,1,1,2,31,Not complotist
1932,3,2,21,1,2,1,2,35,Not complotist
1933,2,2,14,1,2,1,5,55,complotist
1934,3,3,18,1,2,1,2,52,complotist
1935,3,2,35,1,1,1,2,30,Not complotist
1936,3,1,22,2,2,1,2,26,Not complotist
1937,2,1,33,1,2,1,2,37,Not complotist
1938,3,1,18,1,1,1,1,47,complotist
1939,2,1,45,1,2,1,2,47,complotist
1940,2,2,17,1,2,1,4,33,Not complotist
1941,2,2,14,1,2,1,3,19,Not complotist
1942,2,1,17,2,2,1,1,40,complotist
1943,1,1,20,1,2,1,2,37,Not complotist
1944,2,3,18,3,1,1,2,36,Not complotist
1945,3,1,29,1,2,1,2,31,Not complotist
1946,3,2,18,1,1,1,5,34,Not complotist
1947,3,2,19,2,2,1,1,62,complotist
1948,2,2,20,1,1,1,3,37,Not complotist
1949,2,1,45,1,2,2,1,21,Not complotist
1950,2,2,19,1,2,1,3,71,complotist
1951,2,2,42,1,1,2,2,53,complotist
1952,2,1,42,1,1,2,3,49,complotist
1953,2,2,43,1,2,2,2,75,complotist
1954,3,2,20,1,1,1,2,60,complotist
1955,2,2,18,1,2,1,2,31,Not complotist
1956,3,2,29,2,2,1,2,37,Not complotist
1957,1,2,21,1,1,1,2,41,complotist
1958,3,1,24,1,1,1,2,62,complotist
1959,2,2,24,1,1,1,3,55,complotist
1960,3,1,61,1,2,3,3,20,Not complotist
1961,3,1,40,1,2,1,3,75,complotist
1962,2,3,23,1,1,1,5,30,Not complotist
1963,3,1,21,1,1,1,3,38,Not complotist
1964,2,1,23,1,1,1,2,53,complotist
1965,2,2,60,1,2,3,3,28,Not complotist
1966,2,1,17,1,2,1,2,51,complotist
1967,2,2,19,1,2,1,1,45,complotist
1968,1,2,43,2,1,2,5,27,Not complotist
1969,2,2,16,1,2,1,1,27,Not complotist
1970,3,2,18,1,2,1,1,75,complotist
1971,2,1,55,1,2,2,2,19,Not complotist
1972,1,2,17,1,2,1,2,32,Not complotist
1973,2,1,43,1,1,0,2,55,complotist
1974,2,2,43,1,1,2,2,31,Not complotist
1975,1,1,15,1,0,1,4,60,complotist
1976,2,2,42,1,2,1,3,19,Not complotist
1977,3,1,14,1,2,1,2,22,Not complotist
1978,3,2,18,1,2,1,2,48,complotist
1979,2,2,16,2,2,1,3,58,complotist
1980,2,2,26,1,1,1,1,36,Not complotist
1981,2,3,21,1,2,1,2,54,complotist
1982,2,2,36,1,2,3,5,53,complotist
1983,1,1,42,1,2,1,3,64,complotist
1984,2,2,40,1,1,1,6,28,Not complotist
1985,2,2,65,1,1,1,5,20,Not complotist
1986,3,1,16,1,2,1,2,29,Not complotist
1987,2,1,39,1,1,1,3,57,complotist
1988,2,1,22,1,1,1,2,37,Not complotist
1989,3,2,21,1,2,1,3,45,complotist
1990,1,1,20,1,2,1,2,52,complotist
1991,0,2,17,1,2,1,2,52,complotist
1992,3,2,28,1,1,1,2,46,complotist
1993,2,1,17,1,2,1,3,48,complotist
1994,2,3,16,1,2,1,2,42,complotist
1995,3,2,17,1,2,1,2,26,Not complotist
1996,1,2,28,1,2,1,2,51,complotist
1997,1,2,14,1,2,1,3,63,complotist
1998,1,2,19,1,1,1,2,60,complotist
1999,1,2,36,1,2,3,2,52,complotist
2000,1,2,28,2,1,2,3,56,complotist
2001,3,2,26,1,1,1,2,15,Not complotist
2002,3,1,65,1,2,1,1,53,complotist
2003,0,2,16,0,2,1,3,34,Not complotist
2004,2,2,16,1,2,1,2,33,Not complotist
2005,1,3,17,1,2,1,2,34,Not complotist
2006,2,2,18,1,2,1,3,31,Not complotist
2007,2,1,57,1,2,2,5,56,complotist
2008,1,2,15,2,2,1,3,47,complotist
2009,2,1,33,1,1,1,2,34,Not complotist
2010,3,1,28,1,1,2,3,47,complotist
2011,2,2,19,1,1,1,1,50,complotist
2012,3,2,16,1,2,1,5,34,Not complotist
2013,3,2,53,1,1,3,4,15,Not complotist
2014,3,1,32,1,1,1,2,37,Not complotist
2015,0,2,26,1,1,2,3,54,complotist
2016,2,1,17,1,2,1,1,35,Not complotist
2017,2,2,14,1,2,1,2,51,complotist
2018,3,2,20,1,2,1,4,73,complotist
2019,3,2,17,1,2,1,3,22,Not complotist
2020,1,3,18,1,2,1,6,27,Not complotist
2021,2,1,25,2,1,1,2,29,Not complotist
2022,2,3,14,1,2,1,1,56,complotist
2023,1,1,29,1,2,1,2,61,complotist
2024,2,2,22,1,2,1,3,52,complotist
2025,1,1,18,1,1,1,2,36,Not complotist
2026,3,2,37,2,1,1,2,49,complotist
2027,3,1,23,1,1,1,2,29,Not complotist
2028,1,1,19,1,1,1,0,71,complotist
2029,2,2,29,1,1,2,2,29,Not complotist
2030,2,1,24,1,1,1,1,32,Not complotist
2031,1,1,20,1,2,1,4,24,Not complotist
2032,3,1,51,1,1,2,5,64,complotist
2033,2,1,28,1,1,1,3,19,Not complotist
2034,2,2,34,1,2,1,3,59,complotist
2035,1,2,36,1,2,2,9,47,complotist
2036,3,2,19,1,1,1,2,51,complotist
2037,1,1,16,1,2,1,2,55,complotist
2038,1,1,15,1,2,1,4,61,complotist
2039,1,1,24,1,2,1,1,29,Not complotist
2040,2,1,19,1,2,1,2,51,complotist
2041,3,1,16,1,2,1,2,51,complotist
2042,3,1,21,1,2,1,0,55,complotist
2043,2,1,19,1,2,1,2,26,Not complotist
2044,3,2,40,1,2,3,3,71,complotist
2045,1,1,19,1,2,1,2,23,Not complotist
2046,1,1,27,1,1,1,5,15,Not complotist
2047,1,1,19,1,2,1,1,35,Not complotist
2048,2,1,30,1,2,1,2,20,Not complotist
2049,1,1,29,1,1,1,1,25,Not complotist
2050,2,2,16,1,2,1,5,51,complotist
2051,2,3,18,1,2,1,1,41,complotist
2052,2,1,26,1,1,1,1,21,Not complotist
2053,2,3,19,1,1,1,2,35,Not complotist
2054,3,2,22,3,1,1,3,21,Not complotist
2055,1,1,15,1,2,1,2,20,Not complotist
2056,3,1,19,1,1,1,2,50,complotist
2057,3,1,32,1,1,2,3,32,Not complotist
2058,2,1,18,1,2,1,5,29,Not complotist
2059,2,1,18,1,2,1,5,34,Not complotist
2060,3,1,20,1,2,1,2,35,Not complotist
2061,1,1,27,1,1,1,3,40,complotist
2062,1,3,29,1,1,1,3,23,Not complotist
2063,2,3,17,1,2,1,4,21,Not complotist
2064,3,1,19,1,1,1,2,24,Not complotist
2065,2,3,19,1,1,1,5,45,complotist
2066,3,1,19,1,1,1,1,41,complotist
2067,3,1,23,1,2,1,1,46,complotist
2068,1,1,17,1,2,1,1,43,complotist
2069,2,1,24,1,2,1,3,30,Not complotist
2070,2,1,20,1,1,1,3,41,complotist
2071,3,1,66,1,1,1,4,32,Not complotist
2072,2,1,22,1,2,1,2,21,Not complotist
2073,1,2,18,1,2,1,3,42,complotist
2074,3,2,22,3,2,1,1,44,complotist
2075,2,2,23,2,1,1,2,20,Not complotist
2076,2,1,20,3,1,1,3,20,Not complotist
2077,2,1,20,1,1,1,3,34,Not complotist
2078,2,2,44,1,1,1,4,58,complotist
2079,3,2,25,1,1,1,1,16,Not complotist
2080,1,1,26,1,1,1,1,29,Not complotist
2081,3,1,16,1,2,1,2,42,complotist
2082,2,2,29,1,1,1,2,35,Not complotist
2083,2,1,36,1,1,3,3,21,Not complotist
2084,2,2,24,1,2,2,4,60,complotist
2085,2,2,27,1,2,1,2,41,complotist
2086,2,1,20,2,2,1,3,25,Not complotist
2087,2,2,25,1,2,1,1,27,Not complotist
2088,3,1,22,1,1,1,4,42,complotist
2089,1,1,28,1,2,2,2,48,complotist
2090,1,1,18,1,1,1,3,22,Not complotist
2091,3,1,34,1,1,1,2,43,complotist
2092,2,1,30,2,2,2,4,75,complotist
2093,3,1,20,2,2,1,2,46,complotist
2094,3,1,16,1,2,1,1,32,Not complotist
2095,1,1,34,1,2,1,2,37,Not complotist
2096,2,2,19,1,2,1,6,71,complotist
2097,2,1,20,1,1,1,6,45,complotist
2098,1,1,36,3,1,1,1,40,complotist
2099,3,2,18,2,1,1,2,61,complotist
2100,3,1,37,1,2,1,5,15,Not complotist
2101,3,1,28,1,1,1,1,43,complotist
2102,1,1,32,1,2,1,3,52,complotist
2103,2,2,16,1,2,1,3,75,complotist
2104,3,2,14,1,2,1,4,23,Not complotist
2105,3,1,25,1,1,1,3,49,complotist
2106,2,2,15,1,2,1,3,57,complotist
2107,2,1,26,1,1,1,2,56,complotist
2108,2,2,27,1,1,1,5,21,Not complotist
2109,2,2,17,2,2,1,2,72,complotist
2110,3,2,15,1,2,1,1,67,complotist
2111,2,2,20,1,1,1,2,37,Not complotist
2112,3,2,20,1,1,1,4,64,complotist
2113,2,2,13,1,2,1,3,39,Not complotist
2114,1,2,13,1,2,1,2,17,Not complotist
2115,2,3,15,1,2,1,1,63,complotist
2116,1,2,16,2,2,1,2,47,complotist
2117,3,2,15,1,2,1,4,51,complotist
2118,3,2,18,1,2,1,2,62,complotist
2119,1,3,19,2,1,1,2,59,complotist
2120,2,1,37,2,1,1,3,31,Not complotist
2121,1,1,61,1,2,2,6,52,complotist
2122,3,2,28,1,2,1,3,75,complotist
2123,3,2,53,1,2,3,1,36,Not complotist
2124,2,2,18,1,2,1,2,64,complotist
2125,3,1,18,1,2,1,3,43,complotist
2126,2,0,16,1,2,1,1,42,complotist
2127,2,3,15,1,2,1,2,51,complotist
2128,2,1,16,1,2,1,2,40,complotist
2129,2,1,18,1,2,1,2,34,Not complotist
2130,3,3,16,3,2,1,1,52,complotist
2131,2,2,19,1,2,1,2,36,Not complotist
2132,2,2,20,2,2,1,3,51,complotist
2133,2,1,20,1,2,1,2,48,complotist
2134,2,2,23,1,2,1,2,20,Not complotist
2135,2,1,26,1,1,1,4,21,Not complotist
2136,2,2,14,1,2,1,1,72,complotist
2137,2,2,16,1,2,1,2,40,complotist
2138,1,3,15,1,2,1,2,67,complotist
2139,3,2,15,1,2,1,2,41,complotist
2140,2,1,20,1,2,1,3,48,complotist
2141,3,1,27,1,2,1,4,59,complotist
2142,2,2,46,1,2,2,1,28,Not complotist
2143,1,1,21,2,2,1,2,45,complotist
2144,2,2,59,1,2,3,3,62,complotist
2145,3,2,17,1,2,1,2,61,complotist
2146,3,1,45,1,1,2,1,43,complotist
2147,2,3,17,1,2,1,2,54,complotist
2148,3,2,16,1,2,1,2,55,complotist
2149,2,2,32,2,2,2,2,22,Not complotist
2150,1,1,14,1,2,1,5,39,Not complotist
2151,0,3,17,1,2,1,2,52,complotist
2152,3,1,18,1,2,1,1,47,complotist
2153,3,2,16,0,2,1,3,27,Not complotist
2154,2,1,17,1,2,1,2,23,Not complotist
2155,2,2,13,1,2,1,3,47,complotist
2156,2,2,18,1,2,1,3,50,complotist
2157,1,3,20,1,1,1,3,26,Not complotist
2158,3,2,19,1,1,1,2,16,Not complotist
2159,2,2,16,2,2,1,2,51,complotist
2160,3,3,17,2,2,1,2,50,complotist
2161,2,1,19,1,2,1,1,30,Not complotist
2162,2,1,56,1,2,1,1,69,complotist
2163,3,2,15,1,2,1,2,70,complotist
2164,2,1,46,1,2,2,2,23,Not complotist
2165,2,1,36,1,1,2,4,38,Not complotist
2166,1,1,29,1,2,1,3,26,Not complotist
2167,1,1,15,3,2,1,2,30,Not complotist
2168,1,2,51,1,1,2,3,73,complotist
2169,3,1,18,1,2,1,1,20,Not complotist
2170,2,1,17,1,2,1,4,57,complotist
2171,1,2,50,1,2,2,2,25,Not complotist
2172,2,1,25,1,1,2,4,61,complotist
2173,2,1,19,1,2,1,3,44,complotist
2174,1,1,19,1,2,1,1,31,Not complotist
2175,2,1,32,1,2,1,4,47,complotist
2176,3,1,20,1,2,1,3,17,Not complotist
2177,2,2,17,1,2,1,1,41,complotist
2178,3,1,34,1,1,1,3,68,complotist
2179,3,1,34,1,2,1,2,34,Not complotist
2180,1,1,19,1,2,1,4,56,complotist
2181,2,1,28,1,1,1,2,21,Not complotist
2182,2,1,21,1,2,1,4,66,complotist
2183,2,1,21,1,2,1,2,33,Not complotist
2184,3,2,20,1,2,1,3,65,complotist
2185,2,2,18,1,2,1,4,34,Not complotist
2186,1,2,25,1,1,1,4,32,Not complotist
2187,3,2,26,1,2,1,4,62,complotist
2188,3,3,17,1,2,1,2,66,complotist
2189,2,2,19,1,1,1,1,50,complotist
2190,1,1,72,2,1,2,5,25,Not complotist
2191,2,2,15,3,0,1,2,47,complotist
2192,2,1,27,1,2,1,3,17,Not complotist
2193,2,0,16,1,2,1,1,40,complotist
2194,1,1,32,1,2,1,4,61,complotist
2195,1,1,22,1,1,1,2,48,complotist
2196,3,2,17,1,2,1,2,58,complotist
2197,2,1,32,1,0,1,2,62,complotist
2198,1,2,18,3,2,1,5,40,complotist
2199,3,1,15,1,2,1,2,53,complotist
2200,3,1,26,1,1,1,2,42,complotist
2201,3,2,49,1,1,2,3,41,complotist
2202,2,1,59,1,1,2,3,36,Not complotist
2203,3,3,18,1,1,1,1,33,Not complotist
2204,2,2,17,2,2,1,3,55,complotist
2205,3,2,17,2,2,1,1,59,complotist
2206,2,2,19,1,2,1,2,35,Not complotist
2207,2,2,14,1,2,1,4,35,Not complotist
2208,2,2,16,1,2,1,4,22,Not complotist
2209,2,1,24,1,1,1,3,48,complotist
2210,2,2,20,1,2,1,1,42,complotist
2211,3,1,24,1,1,1,2,41,complotist
2212,2,2,26,1,1,1,3,47,complotist
2213,1,2,18,1,2,1,2,42,complotist
2214,1,1,31,1,2,1,2,45,complotist
2215,1,1,27,1,2,1,3,63,complotist
2216,1,1,26,1,2,1,3,30,Not complotist
2217,2,1,50,1,2,2,6,26,Not complotist
2218,1,2,24,1,2,1,3,44,complotist
2219,3,1,48,1,1,2,2,24,Not complotist
2220,1,2,31,1,1,1,2,47,complotist
2221,2,2,20,3,1,1,1,21,Not complotist
2222,3,1,21,1,2,1,2,38,Not complotist
2223,2,1,49,1,2,2,2,41,complotist
2224,2,1,17,1,2,1,3,39,Not complotist
2225,0,2,45,1,1,1,3,49,complotist
2226,2,2,16,1,2,1,5,54,complotist
2227,1,2,42,1,2,2,5,57,complotist
2228,3,1,26,1,2,1,2,44,complotist
2229,2,1,24,1,2,1,2,56,complotist
2230,2,1,20,1,1,1,2,40,complotist
2231,3,1,33769,1,2,3,5,75,complotist
2232,2,2,16,1,2,1,2,53,complotist
2233,2,1,14,1,2,1,3,49,complotist
2234,2,2,21,3,2,1,1,35,Not complotist
2235,3,1,44,1,2,2,2,20,Not complotist
2236,3,2,15,1,2,1,3,61,complotist
2237,1,2,24,1,1,1,4,35,Not complotist
2238,3,1,18,3,2,1,1,58,complotist
2239,1,1,17,1,2,1,1,61,complotist
2240,3,1,56,1,1,2,4,24,Not complotist
2241,2,2,17,1,2,1,2,18,Not complotist
2242,1,1,39,1,2,1,3,39,Not complotist
2243,3,3,30,1,2,2,2,35,Not complotist
2244,1,1,17,1,2,1,3,30,Not complotist
2245,2,2,15,1,2,1,3,51,complotist
2246,2,2,20,1,2,1,3,48,complotist
2247,1,2,28,1,1,2,1,18,Not complotist
2248,1,1,45,1,2,2,2,49,complotist
2249,2,2,53,1,1,3,2,37,Not complotist
2250,2,1,14,1,2,1,2,52,complotist
2251,1,1,28,1,2,1,0,57,complotist
2252,3,2,20,1,2,1,3,52,complotist
2253,1,2,28,1,2,1,2,23,Not complotist
2254,1,1,26,2,2,1,3,60,complotist
2255,1,1,22,1,1,1,3,18,Not complotist
2256,1,2,59,1,2,1,3,27,Not complotist
2257,3,2,42,1,1,1,2,53,complotist
2258,2,2,29,1,2,1,2,32,Not complotist
2259,2,1,42,1,2,3,2,41,complotist
2260,3,1,47,1,2,1,1,54,complotist
2261,2,1,20,2,1,1,2,43,complotist
2262,2,2,16,2,2,1,2,55,complotist
2263,2,2,17,1,2,1,2,57,complotist
2264,2,1,20,1,2,1,0,15,Not complotist
2265,1,1,20,1,2,1,3,55,complotist
2266,2,2,19,1,1,1,2,54,complotist
2267,2,1,49,1,1,1,2,23,Not complotist
2268,2,2,18,1,2,1,3,58,complotist
2269,2,2,17,1,2,1,3,19,Not complotist
2270,1,1,18,1,2,1,2,36,Not complotist
2271,3,2,20,1,1,1,3,56,complotist
2272,3,2,15,1,2,1,1,54,complotist
2273,2,3,20,1,2,1,1,50,complotist
2274,1,1,17,1,2,1,6,35,Not complotist
2275,2,1,58,1,2,1,5,70,complotist
2276,0,2,34,1,2,3,1,34,Not complotist
2277,3,2,38,1,1,1,2,23,Not complotist
2278,2,1,21,1,2,1,3,38,Not complotist
2279,3,2,26,1,2,1,2,49,complotist
2280,1,1,35,3,2,2,5,33,Not complotist
2281,3,2,22,1,2,1,1,42,complotist
2282,3,2,20,1,2,1,3,36,Not complotist
2283,1,1,18,1,2,1,4,44,complotist
2284,2,2,17,1,2,1,2,40,complotist
2285,2,1,20,1,1,1,2,36,Not complotist
2286,3,1,28,1,1,1,2,31,Not complotist
2287,3,1,24,1,2,1,4,37,Not complotist
2288,2,1,22,1,2,1,2,33,Not complotist
2289,3,1,22,3,2,2,5,35,Not complotist
2290,3,1,35,1,1,1,2,45,complotist
2291,1,1,35,1,2,1,3,23,Not complotist
2292,2,1,57,1,1,2,2,20,Not complotist
2293,2,1,29,1,1,1,4,41,complotist
2294,3,1,65,1,2,1,2,45,complotist
2295,3,1,21,2,2,1,3,23,Not complotist
2296,2,1,18,1,1,1,3,26,Not complotist
2297,3,1,18,1,2,1,2,24,Not complotist
2298,2,1,18,1,2,1,3,41,complotist
2299,3,2,19,1,2,1,2,40,complotist
2300,1,2,20,1,1,1,3,61,complotist
2301,2,2,32,1,1,1,3,40,complotist
2302,3,2,69,1,2,2,4,56,complotist
2303,2,1,31,1,2,1,3,20,Not complotist
2304,3,1,34,1,1,3,4,39,Not complotist
2305,2,2,17,1,2,1,2,66,complotist
2306,2,2,21,1,2,1,3,71,complotist
2307,1,1,34,1,1,2,3,53,complotist
2308,2,1,22,1,2,1,2,18,Not complotist
2309,1,1,17,2,2,1,3,55,complotist
2310,1,1,15,1,2,1,4,30,Not complotist
2311,2,1,17,1,1,1,4,30,Not complotist
2312,2,3,15,1,2,1,3,18,Not complotist
2313,3,2,23,1,1,1,3,63,complotist
2314,3,2,16,1,2,1,1,31,Not complotist
2315,2,1,18,1,2,1,2,25,Not complotist
2316,2,2,24,2,2,1,2,62,complotist
2317,3,1,23,1,1,1,2,64,complotist
2318,2,1,13,1,2,1,2,34,Not complotist
2319,3,1,33,1,1,1,3,27,Not complotist
2320,2,1,45,3,2,2,2,40,complotist
2321,1,1,28,1,1,1,3,24,Not complotist
2322,3,1,25,1,1,1,1,53,complotist
2323,2,2,18,1,1,1,3,36,Not complotist
2324,3,2,52,1,1,3,3,26,Not complotist
2325,2,1,24,1,2,1,5,42,complotist
2326,2,1,17,1,2,1,1,36,Not complotist
2327,1,1,32,2,1,2,3,15,Not complotist
2328,3,2,36,1,2,2,1,30,Not complotist
2329,1,2,38,1,2,3,5,43,complotist
2330,2,2,19,1,1,1,4,54,complotist
2331,2,1,16,1,2,1,3,48,complotist
2332,2,1,18,1,2,1,3,56,complotist
2333,1,2,20,1,2,1,4,37,Not complotist
2334,1,2,38,1,1,2,0,65,complotist
2335,2,2,35,1,2,1,3,22,Not complotist
2336,2,2,24,1,2,1,2,34,Not complotist
2337,2,2,55,1,2,2,3,40,complotist
2338,3,1,21,1,2,1,2,34,Not complotist
2339,3,1,24,1,2,1,1,44,complotist
2340,2,2,24,1,1,1,3,47,complotist
2341,2,1,19,1,2,1,3,25,Not complotist
2342,1,1,18,1,2,1,2,49,complotist
2343,2,2,18,1,2,1,3,41,complotist
2344,2,1,48,1,1,2,2,24,Not complotist
2345,2,1,16,1,2,1,4,54,complotist
2346,2,1,35,1,1,1,3,75,complotist
2347,1,2,49,1,2,1,3,47,complotist
2348,1,2,17,1,2,1,2,56,complotist
2349,3,3,21,1,2,1,2,64,complotist
2350,2,2,54,1,1,1,2,24,Not complotist
2351,2,2,27,1,2,1,1,45,complotist
2352,2,1,22,1,2,1,2,59,complotist
2353,2,1,51,1,1,2,5,47,complotist
2354,2,2,17,1,2,1,3,42,complotist
2355,1,3,22,1,1,1,3,41,complotist
2356,2,2,19,1,1,1,2,56,complotist
2357,2,1,58,0,1,3,4,56,complotist
2358,3,2,20,1,1,1,2,43,complotist
2359,2,2,17,1,2,1,3,57,complotist
2360,2,1,24,1,1,1,2,32,Not complotist
2361,3,2,15,1,2,1,1,49,complotist
2362,2,3,20,1,1,1,5,24,Not complotist
2363,3,1,53,1,2,2,2,49,complotist
2364,2,1,28,1,2,1,2,44,complotist
2365,1,1,47,1,2,2,4,46,complotist
2366,2,1,21,1,1,1,3,40,complotist
2367,2,1,35,1,1,2,2,54,complotist
2368,2,2,20,1,1,1,2,70,complotist
2369,3,2,32,1,1,1,3,62,complotist
2370,2,2,23,1,1,1,1,24,Not complotist
2371,3,1,68,1,1,2,2,33,Not complotist
2372,2,1,22,3,2,1,4,51,complotist
2373,1,2,35,1,1,2,1,28,Not complotist
2374,1,2,24,1,2,1,2,52,complotist
2375,2,2,17,1,2,1,1,45,complotist
2376,3,2,37,1,2,2,1,49,complotist
2377,2,2,14,1,2,1,4,56,complotist
2378,2,1,31,1,2,1,1,36,Not complotist
2379,3,1,36,1,2,1,2,33,Not complotist
2380,3,1,32,1,2,1,2,65,complotist
2381,2,2,30,3,2,1,2,21,Not complotist
2382,2,1,17,2,2,1,2,28,Not complotist
2383,3,2,17,1,2,1,1,34,Not complotist
2384,3,1,20,1,1,1,4,34,Not complotist
2385,1,1,20,1,2,1,4,58,complotist
2386,2,2,21,1,1,1,1,41,complotist
2387,2,3,15,1,2,1,2,21,Not complotist
2388,3,1,30,1,2,1,1,75,complotist
2389,1,1,24,2,2,1,7,33,Not complotist
2390,2,2,14,1,2,1,2,50,complotist
2391,3,1,22,1,1,1,3,59,complotist
2392,2,2,25,2,1,1,2,40,complotist
2393,3,2,24,1,2,1,5,54,complotist
2394,2,2,16,1,2,1,2,56,complotist
2395,3,2,16,1,2,1,1,62,complotist
2396,1,2,42,1,1,1,1,48,complotist
2397,3,1,17,1,2,1,1,15,Not complotist
2398,2,1,21,1,2,1,2,61,complotist
2399,3,2,19,1,1,1,1,60,complotist
2400,2,1,16,3,2,1,1,28,Not complotist
2401,2,1,20,2,1,1,2,33,Not complotist
2402,2,2,16,1,2,1,5,67,complotist
2403,2,1,15,1,2,1,3,43,complotist
2404,1,1,32,1,1,1,2,29,Not complotist
2405,2,1,38,1,2,1,2,42,complotist
2406,3,2,16,1,2,1,3,44,complotist
2407,2,1,14,1,2,1,2,28,Not complotist
2408,1,1,25,1,1,1,2,44,complotist
2409,3,1,34,2,2,2,2,45,complotist
2410,2,2,53,1,1,2,3,68,complotist
2411,3,2,50,1,1,3,1,61,complotist
2412,3,1,20,1,1,1,5,20,Not complotist
2413,2,1,34,1,2,2,3,25,Not complotist
2414,1,1,36,1,1,2,2,25,Not complotist
2415,2,1,46,1,1,2,2,30,Not complotist
2416,1,1,36,1,1,0,2,32,Not complotist
2417,3,1,19,1,1,1,2,40,complotist
2418,2,2,41,1,2,3,2,37,Not complotist
2419,0,1,42,1,2,1,0,27,Not complotist
2420,2,2,16,1,2,1,1,47,complotist
2421,2,2,16,1,2,1,2,47,complotist
2422,1,2,27,1,1,2,2,63,complotist
2423,2,1,57,1,2,2,3,23,Not complotist
2424,2,1,72,1,2,2,3,19,Not complotist
2425,1,1,27,1,1,1,2,38,Not complotist
2426,3,2,34,1,1,1,2,21,Not complotist
2427,2,2,16,1,2,1,1,44,complotist
2428,2,1,15,1,2,1,4,36,Not complotist
2429,2,2,46,1,2,3,2,55,complotist
2430,3,2,56,1,2,2,3,32,Not complotist
2431,2,1,54,1,2,2,2,16,Not complotist
2432,3,2,17,1,2,2,2,36,Not complotist
2433,3,1,56,1,1,1,2,21,Not complotist
2434,2,1,22,2,1,1,7,30,Not complotist
2435,2,1,24,2,2,1,3,26,Not complotist
2436,3,1,24,1,1,1,1,41,complotist
2437,3,1,42,1,2,1,2,35,Not complotist
2438,1,2,20,2,1,1,2,38,Not complotist
2439,1,1,19,1,1,1,1,45,complotist
2440,3,1,23,1,1,1,3,30,Not complotist
2441,1,2,16,1,2,1,2,52,complotist
2442,3,1,26,1,2,1,3,21,Not complotist
2443,3,2,16,1,2,1,2,21,Not complotist
2444,3,1,19,1,2,1,4,31,Not complotist
2445,3,2,38,1,1,2,4,17,Not complotist
2446,3,1,44,1,2,2,1,17,Not complotist
2447,2,2,53,1,2,1,3,22,Not complotist
2448,3,1,24,1,1,1,1,62,complotist
2449,1,1,16,1,2,1,3,71,complotist
2450,3,1,23,1,2,1,5,44,complotist
2451,2,1,18,1,1,1,2,38,Not complotist
2452,3,1,27,1,2,1,0,22,Not complotist
2453,3,1,27,1,1,1,2,20,Not complotist
2454,3,1,31,1,2,1,2,53,complotist
2455,3,1,21,0,1,1,3,45,complotist
2456,1,2,47,1,1,2,0,17,Not complotist
2457,2,2,37,1,2,1,3,61,complotist
2458,3,1,26,1,1,1,1,26,Not complotist
2459,1,1,44,2,2,1,2,56,complotist
2460,2,1,23,1,2,1,1,30,Not complotist
2461,1,3,19,1,1,1,2,45,complotist
2462,3,2,14,1,2,1,4,39,Not complotist
2463,3,1,25,2,1,1,3,49,complotist
2464,1,1,32,1,2,1,5,33,Not complotist
2465,1,1,18,1,2,1,3,52,complotist
2466,2,1,32,1,2,1,1,15,Not complotist
2467,1,2,47,1,2,2,1,43,complotist
2468,3,2,22,3,2,1,6,63,complotist
2469,2,2,29,1,2,1,2,30,Not complotist
2470,3,2,54,1,1,1,2,41,complotist
2471,3,2,35,1,2,1,7,24,Not complotist
2472,2,2,25,1,2,1,2,54,complotist
2473,1,2,30,1,2,1,2,52,complotist
2474,2,1,17,1,2,3,2,57,complotist
2475,2,1,53,1,1,3,1,29,Not complotist
2476,3,1,16,1,2,1,1,44,complotist
2477,2,2,20,1,1,1,2,57,complotist
2478,2,2,29,2,1,3,4,38,Not complotist
2479,2,1,24,2,2,1,4,70,complotist
2480,2,1,28,1,1,1,4,31,Not complotist
2481,1,2,15,2,2,1,2,75,complotist
2482,2,1,14,1,2,1,2,26,Not complotist
2483,3,2,20,1,1,1,2,28,Not complotist
2484,1,1,30,1,2,2,3,48,complotist
2485,2,1,21,1,2,1,4,65,complotist
2486,1,2,21,1,2,1,2,39,Not complotist
2487,2,1,30,1,1,3,4,75,complotist
2488,2,2,42,1,2,2,2,51,complotist
2489,1,1,27,1,2,2,4,15,Not complotist
2490,3,1,32,1,2,1,3,46,complotist
2491,2,2,25,2,1,1,2,20,Not complotist
2492,3,2,34,1,0,2,2,57,complotist
2493,2,1,19,1,1,1,2,25,Not complotist
2494,3,2,16,1,2,1,1,51,complotist
